Treatment Index,Protected Pr(Y=1),Matched Mean Pr(Y=1),is_significant,comparison
0,0.547504564972857,0.9299984806218593,True,Lower than
11,0.8727742738651957,0.745680516260064,True,Higher than
13,0.8063718018745515,0.9236404924764311,True,Lower than
16,0.8059273068621645,0.855278151758651,True,Lower than
18,0.6632484535776292,0.9117327871993461,True,Lower than
19,0.8467775713470851,0.7654742799075541,True,Higher than
20,0.8756986645748571,0.8947375901167501,True,Lower than
21,0.8752170759826975,0.7545376732075287,True,Higher than
22,0.7945973341024213,0.92365542325573,True,Lower than
28,0.8704994887573257,0.9125903263234304,True,Lower than
29,0.7723263709425098,0.8593737987088808,True,Lower than
31,0.9651150975502836,0.8119662346255707,True,Higher than
35,0.9406359636740124,0.8869260224697761,True,Higher than
36,0.8459880690619258,0.7571431809352481,True,Higher than
38,0.9491474601723029,0.7327451036653757,True,Higher than
41,0.7820137927777857,0.8614119694248551,True,Lower than
43,0.7283566467382786,0.865974375431168,True,Lower than
44,0.7064579397547704,0.8586417717533463,True,Lower than
49,0.7559856504611263,0.8760933689532987,True,Lower than
50,0.3872770290823203,0.9336459536800369,True,Lower than
52,0.8460143679988987,0.90397797383307,True,Lower than
53,0.5133729659823434,0.917767833311068,True,Lower than
54,0.8848076913467379,0.7569068536849188,True,Higher than
56,0.6988757712208606,0.8475405264262483,True,Lower than
57,0.8199620870583829,0.836120041708975,True,Lower than
58,0.8819800450534148,0.9101364824981957,True,Lower than
61,0.9193282336229598,0.7592891054343596,True,Higher than
63,0.6756431027897175,0.8201674856243693,True,Lower than
68,0.6310448931334072,0.8363123048175963,True,Lower than
70,0.9044090808646431,0.9273317794923841,True,Lower than
71,0.9080362280723133,0.7598641121803648,True,Higher than
75,0.6792372487002704,0.9074999963698005,True,Lower than
79,0.801070190951834,0.8052976574496087,False,Equal
81,0.794525576405602,0.7614085140016278,True,Higher than
82,0.8241108031639947,0.7654475586669873,True,Higher than
83,0.7784161236239665,0.8383445379758302,True,Lower than
84,0.7324131026364695,0.9215790850411668,True,Lower than
85,0.871962014630959,0.8253369176973139,True,Higher than
86,0.822053176642477,0.7520714135955606,True,Higher than
87,0.7847195823315937,0.7638940444488469,True,Higher than
88,0.7888285295466622,0.785859925856235,False,Equal
89,0.7654897609138692,0.822724446660272,True,Lower than
90,0.7960200136703305,0.7680728264956739,True,Higher than
91,0.7875236349910676,0.7372083784801124,True,Higher than
92,0.8563253055470762,0.7935509695440228,True,Higher than
93,0.9624287356941941,0.7571555125297975,True,Higher than
94,0.7187962683446881,0.9272994963452007,True,Lower than
95,0.8072768961567252,0.9305619745419139,True,Lower than
97,0.9104324417107763,0.7525452727614799,True,Higher than
98,0.5760113085839826,0.9175938936293213,True,Lower than
101,0.8216687641184088,0.7651744674379611,True,Higher than
105,0.8586910629949095,0.9008680811251242,True,Lower than
106,0.60791080573871,0.9137328419492365,True,Lower than
108,0.6259227831357106,0.9393516034175501,True,Lower than
113,0.7814858673786201,0.8882902034604726,True,Lower than
114,0.9470721887631127,0.9375812947146117,True,Higher than
116,0.8705159436821612,0.7706419762812984,True,Higher than
117,0.9404112218340202,0.7507844991843605,True,Higher than
119,0.9558680718277895,0.7834313450661642,True,Higher than
120,0.87222933320464,0.7588803781405947,True,Higher than
121,0.9505865163759073,0.8985147728001768,True,Higher than
122,0.9353880728312968,0.7845454412637154,True,Higher than
123,0.6585222865487182,0.9314595088291501,True,Lower than
128,0.8156915588805015,0.928028259461356,True,Lower than
131,0.7994840733749095,0.8299348970767358,True,Lower than
132,0.6846619337192162,0.903823129316036,True,Lower than
135,0.7663580408579124,0.9070120677430775,True,Lower than
136,0.8208719207242217,0.7577581312302365,True,Higher than
137,0.8238331302504684,0.7878262075242596,True,Higher than
138,0.8651077859360805,0.8683921682679971,True,Lower than
140,0.8776313359768285,0.7470684338425846,True,Higher than
141,0.9295730900339794,0.9408633456723693,True,Lower than
142,0.9684524612033845,0.8298585280009557,True,Higher than
146,0.7217636966510526,0.7820365145836733,True,Lower than
147,0.9661173854488071,0.9166026063088257,True,Higher than
150,0.8927992301891304,0.7880091785159676,True,Higher than
151,0.8430808845396957,0.9013131858999427,True,Lower than
152,0.9636675153447015,0.9037131596920868,True,Higher than
153,0.7859072379072525,0.7473895082739095,True,Higher than
154,0.9088627210293,0.8325371975805228,True,Higher than
155,0.7539867171344306,0.7623561904946449,True,Lower than
156,0.8876995907302394,0.7617396756002135,True,Higher than
157,0.9077536708675122,0.7400143662779037,True,Higher than
158,0.7901907865475125,0.9156218709722893,True,Lower than
159,0.8881098789047011,0.8949964184649124,True,Lower than
160,0.8906612953027409,0.7700576809708806,True,Higher than
161,0.826450825928073,0.7517483188582331,True,Higher than
162,0.6282986767705274,0.8324622284688755,True,Lower than
164,0.8776313359768285,0.749358609358517,True,Higher than
165,0.8752010421590702,0.8273620244658316,True,Higher than
166,0.6847696327967133,0.8956549938229265,True,Lower than
167,0.9070914914322871,0.7375944315179662,True,Higher than
168,0.8996145109241263,0.7453913529026625,True,Higher than
169,0.8478729589553872,0.7269705225123766,True,Higher than
170,0.7993920170004885,0.900645792005143,True,Lower than
171,0.7957115931302576,0.899026315888332,True,Lower than
172,0.7721039630657788,0.7593895850955712,True,Higher than
173,0.9140206943682182,0.8039504123623388,True,Higher than
174,0.8733365266912417,0.7425281551779015,True,Higher than
180,0.891052288411838,0.860575802471065,True,Higher than
181,0.7536632900424032,0.8340206618880157,True,Lower than
184,0.5653971035841949,0.8119889313119185,True,Lower than
185,0.8482853879017344,0.8000590069055352,True,Higher than
186,0.770780566726818,0.9122719508351544,True,Lower than
187,0.8152296160729113,0.9206413110007259,True,Lower than
188,0.6764711594269441,0.8861820885027815,True,Lower than
196,0.7739673422257248,0.7922662157658447,True,Lower than
201,0.9112693408604686,0.7465013396802648,True,Higher than
202,0.8196114725496018,0.9332936286100733,True,Lower than
204,0.8337813614572438,0.893046165718535,True,Lower than
208,0.715502097875517,0.8496597079691245,True,Lower than
212,0.6805136649510707,0.9390887778161503,True,Lower than
213,0.8669557380095995,0.8152167956037111,True,Higher than
214,0.8915689142540268,0.8573102738348495,True,Higher than
216,0.721725292867792,0.844182710353227,True,Lower than
220,0.8983005620878588,0.7295740087443535,True,Higher than
221,0.8050258531908625,0.938497193363062,True,Lower than
223,0.6470986427299563,0.8810971597655098,True,Lower than
224,0.9059619561494917,0.7484909594328684,True,Higher than
225,0.7211842170676208,0.7970007657394969,True,Lower than
229,0.6625956918652774,0.8345581335747494,True,Lower than
231,0.955275335995393,0.7608372546165755,True,Higher than
234,0.8945804217592731,0.7592476176859125,True,Higher than
236,0.8691575290043507,0.8233969756062787,True,Higher than
237,0.4190958708758832,0.9261318541429645,True,Lower than
241,0.9616435308626663,0.9186993907814107,True,Higher than
243,0.959734289958659,0.9072938522832683,True,Higher than
244,0.9227239028518213,0.8217458827750604,True,Higher than
246,0.9700622607823809,0.7695180334286575,True,Higher than
247,0.9709510851722029,0.8324044970094175,True,Higher than
249,0.7619030965646395,0.9331649813696131,True,Lower than
250,0.782359134717668,0.7952925902713871,True,Lower than
251,0.5633396326373645,0.8396712847592508,True,Lower than
252,0.8370831582427586,0.8886100473386362,True,Lower than
259,0.8422724742768865,0.8846618628684818,True,Lower than
260,0.7773814344536172,0.7901801099952799,True,Lower than
261,0.8504380627357327,0.7616198300135476,True,Higher than
262,0.8718780550339724,0.7550517635246118,True,Higher than
263,0.7924225266958119,0.8243583375469413,True,Lower than
265,0.812529495345302,0.8629553184492158,True,Lower than
266,0.8846298523323726,0.721266931731799,True,Higher than
267,0.6318979989874498,0.9114785486587862,True,Lower than
268,0.8510197002492582,0.8113550567244716,True,Higher than
269,0.759875521334236,0.7753405049465256,True,Lower than
270,0.9616988166476196,0.7172865873671292,True,Higher than
271,0.8216980818175442,0.7253193536169904,True,Higher than
272,0.8689332862355849,0.7457214034423412,True,Higher than
273,0.7619341299225567,0.8295563820865479,True,Lower than
276,0.96597784104946,0.7465995691557096,True,Higher than
277,0.7962225853947877,0.7800507079710133,True,Higher than
278,0.7042469826905223,0.9414431499675737,True,Lower than
279,0.5795977038562032,0.9145584650105714,True,Lower than
280,0.8180797449663569,0.7313072758926338,True,Higher than
284,0.7054966180540129,0.8419897203138216,True,Lower than
287,0.8778756522360702,0.7573690806832145,True,Higher than
289,0.9430695212452996,0.8997836078554914,True,Higher than
292,0.8558398435446963,0.7532379096594127,True,Higher than
294,0.8161690067136207,0.7617398657903169,True,Higher than
295,0.9472823343226956,0.9023408713596679,True,Higher than
296,0.9260715051500085,0.740508783903712,True,Higher than
297,0.7810503408526112,0.9362904522163187,True,Lower than
298,0.8471224968023134,0.9210525726197614,True,Lower than
299,0.9658206625630332,0.9018870004057088,True,Higher than
302,0.8714328571338636,0.8247432232078856,True,Higher than
304,0.7100353618432924,0.9094467469782033,True,Lower than
305,0.8563744819564284,0.7406637743616318,True,Higher than
306,0.9086538135854476,0.7735060113550378,True,Higher than
308,0.8784573861336492,0.8887512713676337,True,Lower than
309,0.7923485556294477,0.876063231667644,True,Lower than
311,0.9286942904114975,0.9364238748841162,True,Lower than
312,0.8473922984856971,0.755084714298861,True,Higher than
313,0.8888407515123202,0.76635661922324,True,Higher than
314,0.7873243998443561,0.7969379731298334,True,Lower than
316,0.9483339686998411,0.7193220779223796,True,Higher than
318,0.8819800450534148,0.9104354982807663,True,Lower than
319,0.9241379891884036,0.9396560016800407,True,Lower than
320,0.9650655277542969,0.9182807538586094,True,Higher than
322,0.8615739696624722,0.8310721426734489,True,Higher than
325,0.819800490830635,0.8126852864667083,True,Higher than
328,0.6846577217754205,0.9246815214306277,True,Lower than
329,0.7455496299716816,0.8611752267936146,True,Lower than
331,0.9103237320558589,0.7267893182138069,True,Higher than
332,0.8973925421745481,0.7752685901523898,True,Higher than
333,0.889294199031925,0.742289700822297,True,Higher than
334,0.8619893429128,0.8451401607240389,True,Higher than
335,0.8638066274800679,0.8938712173296258,True,Lower than
336,0.8666450512324717,0.8333721185045201,True,Higher than
337,0.8404032337090497,0.8951210147521681,True,Lower than
338,0.926250658781625,0.7648444149502192,True,Higher than
339,0.845221019034505,0.7857864053459208,True,Higher than
340,0.9612023334330801,0.9097874451639711,True,Higher than
341,0.8919921112350538,0.7484721165991413,True,Higher than
345,0.911350027810935,0.8161959166389258,True,Higher than
346,0.9198865981913683,0.7177257472012445,True,Higher than
347,0.9563135831558527,0.9085176888789555,True,Higher than
348,0.8360523265248517,0.7582292900617873,True,Higher than
350,0.7839754983834425,0.7906346321206452,True,Lower than
351,0.926392533338413,0.7570446771602406,True,Higher than
355,0.8946808668350144,0.8976699837804581,True,Lower than
358,0.9204366873630954,0.7480346302822314,True,Higher than
359,0.650276980474961,0.9013812533224426,True,Lower than
360,0.8506560419990029,0.799365945534404,True,Higher than
361,0.914030094163006,0.7454964780926585,True,Higher than
362,0.7488838824643159,0.9379538462799795,True,Lower than
363,0.8498154688816983,0.7579261664935223,True,Higher than
364,0.9087202806724279,0.8521443369035362,True,Higher than
365,0.7676753546907327,0.766847048698124,False,Equal
367,0.9076714990180145,0.7298425514925541,True,Higher than
368,0.8816156916659361,0.7581720986724331,True,Higher than
369,0.9109412297646794,0.850597777516782,True,Higher than
372,0.7911130794782593,0.7783268535151615,True,Higher than
373,0.9439791288261067,0.766102351052213,True,Higher than
374,0.6829992829885575,0.8060263777124946,True,Lower than
375,0.9598653481614517,0.731575692575644,True,Higher than
376,0.8316999254060912,0.7618863038106027,True,Higher than
377,0.9108708495374738,0.7502867811244038,True,Higher than
380,0.8391224395675942,0.8975716494250006,True,Lower than
383,0.8498154688816983,0.7622149417839963,True,Higher than
384,0.6487134816044815,0.9242414542254729,True,Lower than
387,0.9408918538565904,0.8154626396472331,True,Higher than
388,0.9561440962809883,0.7880135209756012,True,Higher than
389,0.7378911135512858,0.9207052921638089,True,Lower than
395,0.6621422611582399,0.7609874810840804,True,Lower than
397,0.8070074394607448,0.9241292646531307,True,Lower than
399,0.803445194728332,0.8200084444471147,True,Lower than
400,0.9005840867806069,0.7994364671341035,True,Higher than
401,0.616192135485557,0.9381672990653478,True,Lower than
402,0.7530717056266167,0.9252517516343266,True,Lower than
403,0.8714375286661038,0.8277854259251655,True,Higher than
405,0.7199705436642043,0.7498161715740765,True,Lower than
407,0.9398440953958699,0.9246904501325984,True,Higher than
408,0.7481201224170867,0.7338401575264278,True,Higher than
411,0.8627341832771769,0.8832969605113825,True,Lower than
412,0.7111702099191176,0.7940715526478548,True,Lower than
416,0.8852680683810997,0.932977688433616,True,Lower than
417,0.780804674896076,0.7959745195111774,True,Lower than
420,0.898997407291739,0.836136222752024,True,Higher than
421,0.8025900784034647,0.8253267837818739,True,Lower than
422,0.9290878869998868,0.7848266028029974,True,Higher than
423,0.7355820015128756,0.9066729328796928,True,Lower than
425,0.8043455813808436,0.7546712204833216,True,Higher than
427,0.66961842771614,0.9126776302790978,True,Lower than
428,0.8768396783238638,0.9018611926065004,True,Lower than
430,0.9067933797052093,0.7890020504727774,True,Higher than
432,0.9276656547327098,0.9237128107335454,True,Higher than
433,0.9287652712917334,0.787619162829058,True,Higher than
434,0.8843404338242723,0.7702326615903254,True,Higher than
436,0.8218610740460365,0.7807330712510118,True,Higher than
437,0.9013341018185886,0.8994881027299335,False,Equal
438,0.5482996691328997,0.9066452084134446,True,Lower than
442,0.9183163043161335,0.9192651132944636,False,Equal
444,0.8342685227498389,0.8452418910587091,True,Lower than
447,0.9574186152400307,0.9061490739128699,True,Higher than
450,0.8836139004775205,0.8302303794813005,True,Higher than
452,0.9161016328330839,0.74967071283832,True,Higher than
453,0.9116862536381835,0.748859594799858,True,Higher than
456,0.79171637513071,0.7500140914100187,True,Higher than
457,0.9568045654948507,0.842073654365526,True,Higher than
459,0.8530108356616608,0.7428484307116602,True,Higher than
461,0.6408668409239451,0.7468568586892477,True,Lower than
463,0.9151916798807715,0.8744163728140661,True,Higher than
464,0.7495128523784131,0.893788303502814,True,Lower than
465,0.7887555628959271,0.8283950564344233,True,Lower than
466,0.9159378426579157,0.7553001359712934,True,Higher than
467,0.7602910063381567,0.9250205780357696,True,Lower than
468,0.8815260080148495,0.7484530683519266,True,Higher than
469,0.8838828230967712,0.7503098846154599,True,Higher than
470,0.8688233385018435,0.7839074947059295,True,Higher than
471,0.8663205765862578,0.7603578178732368,True,Higher than
472,0.7634434959243576,0.894085871739807,True,Lower than
474,0.7945606276867446,0.7553396264688855,True,Higher than
475,0.8989016730187164,0.7260993955500684,True,Higher than
477,0.7275717551704727,0.8952133405046243,True,Lower than
478,0.9463036452248755,0.7250407828297061,True,Higher than
479,0.768242385092038,0.8964948925718018,True,Lower than
482,0.8716127136656968,0.8310202142695726,True,Higher than
486,0.8234748287115449,0.8978102330924657,True,Lower than
487,0.8897188095196744,0.7394986274122104,True,Higher than
488,0.9186268986882449,0.7954924717454248,True,Higher than
490,0.9670937327760147,0.8300542298184519,True,Higher than
492,0.5018720377700944,0.9393656758939631,True,Lower than
496,0.8672374524596882,0.756175117324112,True,Higher than
498,0.6400407508500948,0.8061394727548218,True,Lower than
500,0.8458795470661092,0.9111259375276242,True,Lower than
505,0.6083044881300536,0.9398222934786341,True,Lower than
508,0.9263280797982029,0.9385739539759754,True,Lower than
509,0.9264445654415012,0.9064194681300434,True,Higher than
511,0.6832301153321817,0.931109309889061,True,Lower than
513,0.34584134450527887,0.8021670303220882,True,Lower than
514,0.8432244325286431,0.8973985575620992,True,Lower than
515,0.5560382114925164,0.8153425185738139,True,Lower than
516,0.7441481813600975,0.9004253585746848,True,Lower than
517,0.8938017722495507,0.7904212614257444,True,Higher than
519,0.9321033088192442,0.7214551067966839,True,Higher than
520,0.27887809372877337,0.8855570533498383,True,Lower than
521,0.8709270605553724,0.7940240147084502,True,Higher than
522,0.9563463841548083,0.9216250198426285,True,Higher than
524,0.9280826302442641,0.763436672104259,True,Higher than
527,0.5237736944082213,0.739676985983866,True,Lower than
531,0.8539635217961803,0.9140070509047109,True,Lower than
532,0.9208805095368806,0.9207422839859674,False,Equal
533,0.8633608056093846,0.8332429350064787,True,Higher than
535,0.9507850332348579,0.7448146103816055,True,Higher than
539,0.9461700055591017,0.7479296778785469,True,Higher than
547,0.8871913369322977,0.8885848366212307,False,Equal
549,0.877566721063035,0.8926309822987997,True,Lower than
552,0.6110508368186751,0.8671298268147116,True,Lower than
553,0.7653341155392319,0.7948463951985317,True,Lower than
554,0.4658332428434285,0.9404719219458889,True,Lower than
556,0.8784078389877545,0.7165739178554296,True,Higher than
557,0.9297266464498947,0.7485964011487997,True,Higher than
559,0.8158273404760944,0.8749005034356759,True,Lower than
560,0.2676288218186243,0.9122523602175286,True,Lower than
564,0.9133403142224016,0.8407160379184571,True,Higher than
565,0.9173435217945726,0.8405856540083623,True,Higher than
566,0.9231179718574538,0.7529344931496333,True,Higher than
567,0.7436879656779235,0.7318509236119586,True,Higher than
569,0.943918313856871,0.7237953617124436,True,Higher than
570,0.7139963860631027,0.8017084968153481,True,Lower than
571,0.8477519240099977,0.7688323859743683,True,Higher than
573,0.6978979498285958,0.8123700821439555,True,Lower than
574,0.7466070326136052,0.8204810778242099,True,Lower than
580,0.8751548505972335,0.8384366013636914,True,Higher than
581,0.3689878146376779,0.8718945496843382,True,Lower than
582,0.43476498388380336,0.9001521997060314,True,Lower than
584,0.5515686170808928,0.8283461493046365,True,Lower than
589,0.6844093631246189,0.7850333457569364,True,Lower than
595,0.7937618369692672,0.758381313432274,True,Higher than
596,0.7422959047543151,0.9283500233248246,True,Lower than
597,0.9246937520039549,0.790248586814076,True,Higher than
599,0.9746738187300326,0.8824540463001276,True,Higher than
600,0.8163413989055587,0.9018331496791697,True,Lower than
601,0.722505588177361,0.927204239558374,True,Lower than
602,0.856216481888533,0.7982349811501919,True,Higher than
604,0.7835568404151474,0.7925600399836725,True,Lower than
606,0.41396966206888974,0.9162700530777524,True,Lower than
607,0.7538618375663664,0.8676833667502745,True,Lower than
609,0.7970344758844657,0.7937500199816211,False,Equal
610,0.8083775012738575,0.9196997152143105,True,Lower than
611,0.7625487055967252,0.8107191494850028,True,Lower than
612,0.40657867488198024,0.8174762386930128,True,Lower than
613,0.6092047742549286,0.7880182631818811,True,Lower than
614,0.5277945574469339,0.8696718080504072,True,Lower than
615,0.9346411265238569,0.9386130180204327,True,Lower than
616,0.6712158145123361,0.8308370238649749,True,Lower than
617,0.9044653813512626,0.937445447014713,True,Lower than
618,0.8982725918784774,0.7590326645892758,True,Higher than
624,0.5781334820008294,0.9133699349984608,True,Lower than
626,0.9690954165264855,0.7921304889648555,True,Higher than
629,0.9307831941651341,0.7616486879075336,True,Higher than
630,0.9195034096528413,0.744726906097333,True,Higher than
631,0.8742792838506119,0.7783460943817202,True,Higher than
632,0.8007563475041807,0.737109508669368,True,Higher than
633,0.9204720035713413,0.8949097216461351,True,Higher than
634,0.946519417169621,0.8531223818029744,True,Higher than
635,0.9729236292937572,0.8556778794673235,True,Higher than
638,0.6702459065176586,0.867304388296884,True,Lower than
639,0.9507955890207389,0.7209069949123689,True,Higher than
640,0.6568893664404272,0.9044637761996707,True,Lower than
642,0.28117392608601177,0.9135954105443205,True,Lower than
643,0.4416070030063766,0.9308133103368661,True,Lower than
645,0.8719386927927103,0.819529803663781,True,Higher than
646,0.923604919517364,0.7188271001283856,True,Higher than
647,0.7828562396782207,0.8151434273025603,True,Lower than
648,0.9682316398798547,0.9177938571652922,True,Higher than
651,0.5066719190155692,0.9193845032229975,True,Lower than
654,0.7291580062638938,0.836928653459969,True,Lower than
655,0.9255025061198898,0.7452009443810654,True,Higher than
656,0.8859843132162432,0.7582183264082133,True,Higher than
657,0.8625180719520679,0.8230599433156384,True,Higher than
658,0.9466048599864948,0.7269777143665044,True,Higher than
659,0.8190805113496319,0.7916582651659242,True,Higher than
660,0.8829670296681839,0.7567868273544331,True,Higher than
661,0.9131649121346962,0.7508526568493585,True,Higher than
663,0.919773622906246,0.7534313301976572,True,Higher than
664,0.8993882879054603,0.7470509809872339,True,Higher than
665,0.8181298019141051,0.7497305770123026,True,Higher than
666,0.9090943085988504,0.7203503292923089,True,Higher than
667,0.768730088572651,0.8939641190016645,True,Lower than
671,0.8975856491738565,0.7891410061146529,True,Higher than
672,0.37005834340746196,0.8675915944849212,True,Lower than
673,0.8482256080884375,0.7612023541716978,True,Higher than
680,0.8703531760900693,0.9135276422315448,True,Lower than
681,0.6359851542278623,0.9066666923236117,True,Lower than
682,0.708543433517169,0.8099433075634963,True,Lower than
683,0.9480962674782298,0.7975323651539461,True,Higher than
686,0.6401499293584803,0.8857436876643401,True,Lower than
688,0.8982109067026246,0.8156687647111939,True,Higher than
689,0.5314269190759913,0.8767764351204034,True,Lower than
691,0.9493258889229501,0.9308303166474873,True,Higher than
693,0.8986860314002608,0.8340901598387933,True,Higher than
696,0.914892864730505,0.9232093610193003,True,Lower than
697,0.6123637937894908,0.7810791524075555,True,Lower than
699,0.8905719861218553,0.7403551640864948,True,Higher than
701,0.8912084747463714,0.7584057113720098,True,Higher than
702,0.9347650255589004,0.7272102507233071,True,Higher than
704,0.8474612144042496,0.8300882036227746,True,Higher than
707,0.9137938017993336,0.830387958228652,True,Higher than
709,0.8797537546313874,0.7620166355609632,True,Higher than
711,0.34149579530548063,0.795599366551925,True,Lower than
714,0.9599623787082316,0.734775030223082,True,Higher than
715,0.8257206902964066,0.8266348541198769,False,Equal
716,0.8696086907043566,0.7745360451371225,True,Higher than
717,0.9397873857232144,0.7286804581193306,True,Higher than
718,0.9475361199085587,0.9196717173108659,True,Higher than
719,0.8467610400678031,0.9128273083891196,True,Lower than
720,0.8597222357927985,0.9390172748650571,True,Lower than
721,0.9651150975502836,0.8131086773532483,True,Higher than
722,0.4988657019020092,0.8377348852911504,True,Lower than
724,0.9202890765423433,0.7980433604256324,True,Higher than
725,0.9426442303242638,0.8733638788658918,True,Higher than
728,0.853461424072044,0.7901943472632348,True,Higher than
730,0.6908574941413954,0.9171124408677048,True,Lower than
731,0.8014173604940836,0.7469217152680894,True,Higher than
732,0.2246662026242811,0.9154214863438122,True,Lower than
733,0.6178964357642805,0.8756912053617428,True,Lower than
737,0.9754437373800707,0.8800065790430316,True,Higher than
739,0.9192354244662094,0.8904054018288021,True,Higher than
740,0.9265906049551268,0.7590154993480653,True,Higher than
743,0.8535571866648688,0.7493876322880368,True,Higher than
744,0.7341187582100953,0.9380030671961248,True,Lower than
745,0.9292314974507393,0.8034690855437525,True,Higher than
749,0.8957787981660736,0.9034193569801298,True,Lower than
750,0.9779836236133244,0.8689691401777736,True,Higher than
751,0.3814002531733499,0.9090707739470567,True,Lower than
752,0.6192551555911828,0.9136260536500846,True,Lower than
753,0.8789586836526819,0.7499974010369482,True,Higher than
754,0.8496627138196472,0.8224506647472744,True,Higher than
755,0.5095131622662585,0.900052250464111,True,Lower than
756,0.798682376543509,0.7572850336511492,True,Higher than
757,0.5680859498338958,0.8190768815662139,True,Lower than
758,0.4113906295571713,0.8358002212462988,True,Lower than
759,0.8024902491233721,0.8344753905308303,True,Lower than
760,0.8752059115073285,0.9114674421190339,True,Lower than
761,0.8603338092269277,0.8943577781897813,True,Lower than
762,0.9279027122893182,0.7963069399771696,True,Higher than
763,0.9661655150521942,0.8063166129577034,True,Higher than
766,0.7854169560523376,0.8382212514621927,True,Lower than
768,0.9270681099431903,0.7598176378962979,True,Higher than
769,0.8725706919457125,0.8364411002912131,True,Higher than
770,0.8449860684270231,0.8064657202948574,True,Higher than
771,0.8424291957578378,0.831929219796239,True,Higher than
772,0.8880228541073966,0.7658597901766941,True,Higher than
773,0.9139041796185237,0.9332285662790585,True,Lower than
774,0.8557415792713126,0.7509245062669551,True,Higher than
775,0.9106275556381794,0.8221505934542361,True,Higher than
776,0.9288095289510396,0.7205884030644214,True,Higher than
777,0.8315377524122051,0.8348268119202126,False,Equal
778,0.9693199309629476,0.8570255193442372,True,Higher than
779,0.907150719045037,0.7488106764189932,True,Higher than
780,0.39324102602579913,0.8924837155180099,True,Lower than
782,0.7928293392913768,0.8523029661890876,True,Lower than
784,0.8341177970536362,0.753615463583378,True,Higher than
788,0.7890474292757743,0.8322183920533857,True,Lower than
790,0.8227772647707682,0.9155896284444826,True,Lower than
792,0.8448599484125382,0.9016675420255137,True,Lower than
796,0.7615061633407665,0.7255092282878581,True,Higher than
797,0.8168671261572746,0.8455200919878776,True,Lower than
798,0.9510033615463068,0.7412975635245367,True,Higher than
799,0.889713268111333,0.7463685962128837,True,Higher than
800,0.935471957962091,0.7501760536689152,True,Higher than
802,0.9028754363406792,0.7612468951241095,True,Higher than
803,0.823669669251253,0.8026153046346824,True,Higher than
805,0.7381577626822726,0.7302323646302472,True,Higher than
807,0.8339327109464261,0.831032978497989,False,Equal
808,0.8317390629930258,0.8067763866828308,True,Higher than
810,0.5569756651422947,0.7955426656724386,True,Lower than
811,0.8571763601831297,0.8682021128372709,True,Lower than
812,0.7546332417635232,0.906349693717699,True,Lower than
813,0.7908727302926392,0.8942269181017152,True,Lower than
818,0.9586908617626481,0.9070003704993909,True,Higher than
819,0.9672301759711109,0.9001851811283145,True,Higher than
820,0.9021266353251495,0.9397491810920902,True,Lower than
823,0.7786774805547678,0.8004616455867394,True,Lower than
825,0.6777434626324078,0.9223158774668184,True,Lower than
828,0.6291767354097988,0.8300067160800207,True,Lower than
829,0.8383905356258079,0.7354077572372698,True,Higher than
830,0.8857690581166549,0.7888272287380823,True,Higher than
831,0.9337300391491931,0.900567480385709,True,Higher than
832,0.7527905520402774,0.7753864240967333,True,Lower than
833,0.9598735604253774,0.8972209780619987,True,Higher than
835,0.901983371087436,0.9302043360469706,True,Lower than
836,0.858395208742875,0.821821180279107,True,Higher than
837,0.8875652661075626,0.7938860404815626,True,Higher than
840,0.8319621504875562,0.8832657576636095,True,Lower than
841,0.4195419078155257,0.8457288135442272,True,Lower than
842,0.8604857442700047,0.9139491776336561,True,Lower than
843,0.8120112198400908,0.789704986820963,True,Higher than
844,0.7020917557268576,0.7646119934486275,True,Lower than
845,0.961749755793619,0.9018820190346346,True,Higher than
846,0.9033738984935902,0.936640003297736,True,Lower than
847,0.9682190036529645,0.8999228965578837,True,Higher than
848,0.93630927840129,0.8896728810110869,True,Higher than
850,0.9407312740052952,0.8354877120519459,True,Higher than
851,0.9222932648379525,0.871823185394562,True,Higher than
856,0.37735449775624763,0.843105879149594,True,Lower than
857,0.6838218595927936,0.9365713037394073,True,Lower than
858,0.5342682700005851,0.7632054766406834,True,Lower than
860,0.8409422117457009,0.7979366172303426,True,Higher than
861,0.6879461916218897,0.7490358024700504,True,Lower than
862,0.953850697914747,0.7200426155203173,True,Higher than
863,0.8854841391284678,0.7509355064218601,True,Higher than
865,0.8604917663926351,0.867401295345248,True,Lower than
866,0.9083471404231237,0.832898772631335,True,Higher than
867,0.9534508856407393,0.727424740638821,True,Higher than
868,0.953690287988179,0.8306103284221615,True,Higher than
869,0.8896850839198828,0.7285499120200444,True,Higher than
870,0.89794306273053,0.7475789159292426,True,Higher than
871,0.8631508174872785,0.9199884227620835,True,Lower than
873,0.895802767296953,0.9288561660211571,True,Lower than
874,0.767903555307193,0.9000589974273874,True,Lower than
877,0.8788911394290169,0.7586737549240264,True,Higher than
880,0.22273982256641442,0.9186041684583189,True,Lower than
882,0.934147222176011,0.758025537716525,True,Higher than
883,0.9409330849159891,0.7576625076368465,True,Higher than
884,0.5441590517697082,0.9376500530063985,True,Lower than
885,0.9054817257981567,0.8914966040533905,True,Higher than
886,0.857610051089154,0.7983159292360128,True,Higher than
887,0.8973202580339067,0.8208792426047303,True,Higher than
889,0.8714162628272307,0.9211071976727682,True,Lower than
890,0.9604941990284642,0.8012798077769842,True,Higher than
893,0.869396122960055,0.845996855021859,True,Higher than
894,0.8808643983205856,0.9374931342885858,True,Lower than
895,0.9271279763455348,0.9145228736828637,True,Higher than
897,0.9470721887631127,0.9366059428040444,True,Higher than
898,0.42285005029386613,0.8741454107346605,True,Lower than
899,0.9260534290788099,0.7883904433690822,True,Higher than
902,0.669252494465272,0.8847244401923793,True,Lower than
904,0.5895900355986744,0.9031999199400047,True,Lower than
906,0.9422276370840078,0.7821755851845211,True,Higher than
907,0.9408918538565904,0.8103166497790969,True,Higher than
908,0.9562298344608197,0.8944188300325645,True,Higher than
909,0.7075745959038514,0.7647448963789338,True,Lower than
914,0.8825736384576248,0.7442766590212344,True,Higher than
918,0.742162298196882,0.7956748336030128,True,Lower than
919,0.8318806940688417,0.792666010682262,True,Higher than
922,0.8496946316412479,0.9219824497729361,True,Lower than
928,0.9714157206026809,0.9304054254017187,True,Higher than
931,0.697282598551912,0.7895795862659658,True,Lower than
932,0.4944577925989667,0.8163880499023622,True,Lower than
934,0.9561089797128391,0.9087987919884886,True,Higher than
935,0.5442191976124625,0.9335753337738052,True,Lower than
939,0.9508275114759287,0.9279567523879979,True,Higher than
941,0.40054587073974385,0.9115652824648339,True,Lower than
942,0.6719636164070875,0.8460069398499998,True,Lower than
944,0.9333368051245334,0.7340089714002836,True,Higher than
945,0.8542817416806266,0.7581890048080874,True,Higher than
946,0.9275914762653115,0.7403768653981908,True,Higher than
947,0.9652640930929761,0.7233351749824307,True,Higher than
948,0.6837861701433198,0.8105800482878475,True,Lower than
949,0.8896648061798988,0.7594293127730779,True,Higher than
950,0.9306172061683813,0.7951611477338685,True,Higher than
951,0.4388216423178524,0.9180444918429437,True,Lower than
952,0.8664526630993283,0.7760872933963117,True,Higher than
954,0.8909453693110886,0.894350889245237,True,Lower than
955,0.9074924274694033,0.7542406996542954,True,Higher than
956,0.6155532581946689,0.7260055841467957,True,Lower than
957,0.8049908201815196,0.842043783533529,True,Lower than
958,0.8840918524090348,0.8046542930430796,True,Higher than
959,0.333306466959672,0.8283659957920213,True,Lower than
960,0.8935242380852824,0.7658942895883303,True,Higher than
962,0.9044602563152104,0.7225137835261652,True,Higher than
963,0.6078257599693359,0.8197340047755587,True,Lower than
964,0.9275279049408194,0.7700400736963438,True,Higher than
965,0.9324823520687416,0.72658961946912,True,Higher than
966,0.3163873571904152,0.810222961266025,True,Lower than
970,0.7523037768698203,0.7900797695769818,True,Lower than
973,0.939073343507017,0.7182784334134563,True,Higher than
974,0.3081387863414398,0.8243561882964779,True,Lower than
976,0.7235800972677853,0.930271625080561,True,Lower than
977,0.9230911865147984,0.9375557437420539,True,Lower than
980,0.9724863296311865,0.8815085695779112,True,Higher than
981,0.8872771696394478,0.8208856372059542,True,Higher than
982,0.775335128972531,0.8675057515531218,True,Lower than
986,0.8787357549662898,0.8564389371687193,True,Higher than
987,0.8618274924689732,0.794225122699915,True,Higher than
988,0.9475111738306783,0.8330079362903627,True,Higher than
989,0.9306709506692604,0.727401471251753,True,Higher than
991,0.9066205105367439,0.8315896069866561,True,Higher than
992,0.6682055859748292,0.760493013873904,True,Lower than
997,0.9744733542279941,0.761376755792143,True,Higher than
1002,0.9496356887077653,0.8418548292858005,True,Higher than
1004,0.9650655277542969,0.9177779071155514,True,Higher than
1007,0.9369121137698063,0.7791653839431281,True,Higher than
1008,0.9426319073364366,0.8183843592159329,True,Higher than
1011,0.9661173854488071,0.9184037193586699,True,Higher than
1013,0.9634960390275076,0.9069606650679165,True,Higher than
1019,0.6493516699359065,0.792185968976115,True,Lower than
1020,0.8667633532023418,0.8623545535755035,True,Higher than
1021,0.7050936652074349,0.9044420218073506,True,Lower than
1022,0.6909465593822606,0.8672118971591044,True,Lower than
1023,0.9480542572642867,0.929390565736868,True,Higher than
1027,0.8440274977543692,0.7569164784332765,True,Higher than
1029,0.8268136787971727,0.7737679657602895,True,Higher than
1031,0.9642191338753954,0.7647426023280538,True,Higher than
1032,0.8638942108508654,0.895541573563571,True,Lower than
1033,0.7549621678992446,0.9364637359344664,True,Lower than
1034,0.9589974885247033,0.8821224017248126,True,Higher than
1035,0.9091226315384989,0.7589169912065157,True,Higher than
1037,0.8180641067872878,0.7991706001079337,True,Higher than
1040,0.9162531037465246,0.9372625025276788,True,Lower than
1041,0.9669276523397203,0.7505359097547399,True,Higher than
1044,0.7406627850854919,0.7537955001864758,True,Lower than
1045,0.9604584704708776,0.9212276680777236,True,Higher than
1046,0.9111046868433358,0.7523527651048657,True,Higher than
1048,0.9480357791603715,0.9156622316650217,True,Higher than
1049,0.9094698360049148,0.9101964976651916,False,Equal
1052,0.9372152099001628,0.9133777217824476,True,Higher than
1054,0.9446848676988205,0.7499700423058409,True,Higher than
1055,0.4943351309120532,0.9173570791458802,True,Lower than
1056,0.9328015653489584,0.7470230281909942,True,Higher than
1057,0.9650005355449199,0.7944537990591874,True,Higher than
1058,0.8816377775694513,0.9377219612299544,True,Lower than
1060,0.4394088025649976,0.9209705211217342,True,Lower than
1061,0.900185759026153,0.7530806765777086,True,Higher than
1062,0.9444457178570973,0.7275843511785708,True,Higher than
1063,0.8737949650783149,0.8329616637617866,True,Higher than
1064,0.5721244109468846,0.8565839118511653,True,Lower than
1065,0.5361345955591583,0.854917173099865,True,Lower than
1066,0.8583648053942973,0.7777159411119077,True,Higher than
1067,0.924952728674187,0.7383671408207253,True,Higher than
1068,0.765429728311572,0.7631004767722118,False,Equal
1069,0.856216481888533,0.7981227936991965,True,Higher than
1072,0.9703883756860563,0.8403587152115872,True,Higher than
1073,0.4348895851832848,0.9076309544261162,True,Lower than
1074,0.38932881839158345,0.9334637328121995,True,Lower than
1075,0.9372152099001628,0.9126762033750851,True,Higher than
1076,0.6863761291744661,0.9204381917083068,True,Lower than
1077,0.8574646819145717,0.9194512526029353,True,Lower than
1079,0.6605831996071763,0.8757893484207213,True,Lower than
1081,0.29772823866477316,0.8014845263099367,True,Lower than
1084,0.8263909381496146,0.8337480331431071,True,Lower than
1086,0.9126635644638637,0.7856581933668672,True,Higher than
1087,0.7606138219335896,0.9215517042041593,True,Lower than
1090,0.8794296770384779,0.7550234634949315,True,Higher than
1092,0.8866393691938677,0.7793192357694033,True,Higher than
1095,0.9298923233675077,0.9402666475140244,True,Lower than
1098,0.7574355397898602,0.8240235881669602,True,Lower than
1099,0.6246151005786811,0.9357553490363806,True,Lower than
1101,0.8023512811635886,0.762289126875551,True,Higher than
1102,0.7337920974140171,0.9141264465833726,True,Lower than
1103,0.895962097018589,0.898915917746089,True,Lower than
1105,0.8529062124139181,0.8387714670944112,True,Higher than
1106,0.9339108840301693,0.8235661209090768,True,Higher than
1108,0.6121306757758074,0.8213096041242193,True,Lower than
1109,0.597260535992192,0.7877663671548534,True,Lower than
1110,0.8589884743382751,0.7549936193396946,True,Higher than
1112,0.8312784300574747,0.9007778170388516,True,Lower than
1113,0.9225809742953016,0.8014266545017794,True,Higher than
1114,0.9360911517005389,0.7612516049294986,True,Higher than
1115,0.9452753806733508,0.8510261055003226,True,Higher than
1116,0.6643041521511507,0.884659969990045,True,Lower than
1117,0.9475931707973673,0.8356490901589069,True,Higher than
1118,0.8495782860209833,0.8079298922678122,True,Higher than
1119,0.9043000153156076,0.7632997722443805,True,Higher than
1120,0.9301390829732379,0.7339185304150979,True,Higher than
1121,0.9561089797128391,0.9096051681552149,True,Higher than
1122,0.9199935884118224,0.8719985947499603,True,Higher than
1123,0.7964026358900472,0.865049547502126,True,Lower than
1124,0.826846862927992,0.7425333198126534,True,Higher than
1125,0.9095578159070932,0.858618708769701,True,Higher than
1126,0.7085984733722316,0.911583664896342,True,Lower than
1127,0.45169037171904836,0.8267055882510868,True,Lower than
1128,0.43211048868342444,0.7656764043633159,True,Lower than
1130,0.8298383785929893,0.830537015179425,False,Equal
1131,0.9527163682875562,0.814233182709761,True,Higher than
1132,0.9390677173047614,0.8414904720929877,True,Higher than
1133,0.9299861195218767,0.7440903730231324,True,Higher than
1136,0.900833137668819,0.9106970418269559,True,Lower than
1138,0.875227626906463,0.9143767058430423,True,Lower than
1143,0.9624702760461974,0.8927896559190461,True,Higher than
1146,0.8549903722785495,0.8545811413506672,False,Equal
1147,0.8686288473215891,0.7499702712272729,True,Higher than
1148,0.8958164693482321,0.7871356446011036,True,Higher than
1149,0.38695825133293654,0.9338122853625548,True,Lower than
1150,0.8614691275696289,0.7897936633208806,True,Higher than
1151,0.8399566179914177,0.762677176509831,True,Higher than
1152,0.8510325022571681,0.7598672934179069,True,Higher than
1153,0.5215856586509517,0.7676792445118491,True,Lower than
1154,0.7093340495857268,0.812366122041588,True,Lower than
1156,0.9553024732197539,0.7657837135169369,True,Higher than
1161,0.9360503456888507,0.7948896332397705,True,Higher than
1165,0.8565416497821186,0.7712721883981836,True,Higher than
1166,0.5456158590358967,0.8327127191719095,True,Lower than
1170,0.883009788563243,0.7635513138075511,True,Higher than
1172,0.9520732082412098,0.8267173744856238,True,Higher than
1173,0.890693205719287,0.8301229874986721,True,Higher than
1177,0.5678436716427191,0.7595049571037338,True,Lower than
1178,0.9694055731196785,0.8307474442083427,True,Higher than
1179,0.7485514981494081,0.8168670199933513,True,Lower than
1180,0.4313950722263491,0.7814637604488162,True,Lower than
1181,0.9673797769662767,0.8613099409696551,True,Higher than
1182,0.6541194388422612,0.9233331088736056,True,Lower than
1184,0.9318282052557224,0.7419983379318228,True,Higher than
1186,0.8240273719273422,0.8266229696224779,False,Equal
1188,0.41250966541440526,0.8227423877966316,True,Lower than
1189,0.911524867524601,0.7441233864868196,True,Higher than
1191,0.9212660554676846,0.8488476073092512,True,Higher than
1192,0.9158210941865612,0.7821772240980155,True,Higher than
1193,0.7218957856473128,0.832212673397835,True,Lower than
1194,0.9652727404006649,0.9126645007362528,True,Higher than
1195,0.4841728594334792,0.9197156067381711,True,Lower than
1196,0.8880228541073966,0.760503429399087,True,Higher than
1199,0.8474612144042496,0.8285223911418274,True,Higher than
1200,0.828958081436123,0.8819844499107762,True,Lower than
1201,0.9098367892239727,0.7876571156435344,True,Higher than
1203,0.9207375913951029,0.7195115847365794,True,Higher than
1204,0.8289182906645569,0.8394198670552364,True,Lower than
1205,0.8600982910248082,0.7597699305833714,True,Higher than
1206,0.8720702655165758,0.7517039723026864,True,Higher than
1207,0.886826948898395,0.7488696355510551,True,Higher than
1209,0.8702401450987653,0.8362402638258576,True,Higher than
1210,0.7506061017236124,0.7572571212004391,False,Equal
1211,0.83471762098513,0.8339388516815741,False,Equal
1212,0.9338728315578572,0.7180304746441335,True,Higher than
1213,0.9184578338675752,0.7494538200060081,True,Higher than
1214,0.8462208964404279,0.7552226184124126,True,Higher than
1219,0.8730087515706697,0.8010706222492878,True,Higher than
1221,0.893028358375725,0.737009118683902,True,Higher than
1222,0.9536251045462206,0.7997506025021428,True,Higher than
1227,0.9588134205772825,0.725983934680086,True,Higher than
1229,0.8803001198695588,0.7617492881853147,True,Higher than
1232,0.8845778738155333,0.8377803964548619,True,Higher than
1235,0.9145919163487334,0.7236109577507227,True,Higher than
1239,0.9257981721331932,0.7613037268666837,True,Higher than
1243,0.9671386507092934,0.9149767662841823,True,Higher than
1248,0.9643160866294512,0.7888491776526133,True,Higher than
1249,0.8389673663679379,0.7669257765853341,True,Higher than
1250,0.7809516403087615,0.7867052200907035,True,Lower than
1252,0.5001767039805981,0.9000330937075115,True,Lower than
1254,0.9074070919601036,0.7466428765038572,True,Higher than
1256,0.8698964405516728,0.7862411727778107,True,Higher than
1257,0.8883961148329801,0.8597395642704782,True,Higher than
1259,0.40822154573944897,0.9206498202483813,True,Lower than
1260,0.4001615695429571,0.7836862872351112,True,Lower than
1261,0.7517738270649652,0.7490725894548902,False,Equal
1262,0.9221136108351705,0.7264778738674225,True,Higher than
1263,0.8209563279375639,0.7479352474856106,True,Higher than
1264,0.9550796456317326,0.718067527504264,True,Higher than
1265,0.7489310682323321,0.9240826352760101,True,Lower than
1266,0.658122546933763,0.901285395219842,True,Lower than
1267,0.8256329223925639,0.9391148419148956,True,Lower than
1269,0.48575772409463513,0.9063201475366331,True,Lower than
1273,0.8116741604202308,0.7499336333274803,True,Higher than
1274,0.8866263486584876,0.931202642004062,True,Lower than
1275,0.9331380843284907,0.7882694887546089,True,Higher than
1276,0.9162786916482482,0.723060496957278,True,Higher than
1277,0.9080566071444506,0.8439811447292286,True,Higher than
1278,0.960255848221475,0.7468128135426633,True,Higher than
1280,0.8180641067872878,0.8028420863384511,True,Higher than
1281,0.8123962033862484,0.8605916296626894,True,Lower than
1282,0.8923604454112046,0.8121047627755814,True,Higher than
1284,0.9106208427892327,0.9326206108844985,True,Lower than
1285,0.6758194731503598,0.7560783320074512,True,Lower than
1287,0.8863553356111747,0.9107711054181584,True,Lower than
1289,0.9181232130843575,0.894275273854159,True,Higher than
1290,0.952524050484196,0.7467047147435967,True,Higher than
1291,0.8222485028833951,0.8102472434304292,True,Higher than
1292,0.6396622606700529,0.8196977976259043,True,Lower than
1296,0.5527405529617953,0.8579473287866807,True,Lower than
1297,0.8283455363517017,0.883245586856343,True,Lower than
1300,0.8994402421233496,0.8307427898897763,True,Higher than
1301,0.9403602703221443,0.818333497445921,True,Higher than
1302,0.9281411540025339,0.9091677156192702,True,Higher than
1303,0.7255362262922613,0.9064470058154543,True,Lower than
1304,0.7762384705979175,0.7642244419159229,True,Higher than
1305,0.9452117816395288,0.8045032790030947,True,Higher than
1306,0.42638144854168114,0.89203474262369,True,Lower than
1312,0.8093621246195638,0.9173783704027487,True,Lower than
1313,0.4895356952606989,0.8939338253515146,True,Lower than
1320,0.9447598822778409,0.762851483700169,True,Higher than
1321,0.9253985487331781,0.8943777718569467,True,Higher than
1323,0.899138421129435,0.8746869251682603,True,Higher than
1325,0.7348059625955928,0.7894842510582213,True,Lower than
1327,0.943774351093828,0.785743929878158,True,Higher than
1328,0.620333630323348,0.9136343211862215,True,Lower than
1329,0.827840813479369,0.7952790556832248,True,Higher than
1331,0.9248075679940229,0.759746245692443,True,Higher than
1334,0.9159844298423796,0.7637558471789561,True,Higher than
1336,0.9067944753644994,0.7638172041191172,True,Higher than
1337,0.826258991928639,0.7625045031452339,True,Higher than
1339,0.7810106681522739,0.8397958942993158,True,Lower than
1341,0.5555725145608987,0.8922894531964386,True,Lower than
1344,0.9693069712668893,0.7189372553154537,True,Higher than
1345,0.8707577855546238,0.7791810674773694,True,Higher than
1346,0.5087376393013536,0.7548787891821692,True,Lower than
1351,0.8916630156003013,0.8333391055676698,True,Higher than
1357,0.32036986816920293,0.8901915032722202,True,Lower than
1360,0.5778736319733827,0.9020625552405217,True,Lower than
1361,0.9629122822935243,0.9194072397751971,True,Higher than
1362,0.5994846777947724,0.8345574315998014,True,Lower than
1363,0.8537970252997149,0.7799975430435134,True,Higher than
1366,0.4520189187486377,0.8731943971883777,True,Lower than
1368,0.8424291957578378,0.8346086370137067,True,Higher than
1370,0.8750454184318642,0.8015146152577302,True,Higher than
1371,0.9454442365522061,0.7524527420698185,True,Higher than
1372,0.8516184388647854,0.7792688242232358,True,Higher than
1373,0.7340128428619495,0.8936962859670932,True,Lower than
1376,0.655725966036615,0.8535544197667021,True,Lower than
1377,0.8431701271797111,0.8640260758200575,True,Lower than
1378,0.8025939037333182,0.9284132916036049,True,Lower than
1379,0.8892507301083025,0.7860783197597462,True,Higher than
1381,0.7778800890036555,0.7610663121039629,True,Higher than
1382,0.7578576922342245,0.8028111448552466,True,Lower than
1383,0.9516110935437875,0.7532907270343838,True,Higher than
1384,0.7879749137054,0.9095592656681637,True,Lower than
1385,0.8375347543967879,0.8870071070264626,True,Lower than
1387,0.45060220238161947,0.8387217489543576,True,Lower than
1388,0.9027698462568269,0.7423890663654821,True,Higher than
1389,0.37460390891609857,0.8170735728998544,True,Lower than
1394,0.7340806992619184,0.7971554647839624,True,Lower than
1395,0.9684524612033845,0.829876263519908,True,Higher than
1397,0.6972013575068408,0.8343786255987397,True,Lower than
1399,0.9454107436675239,0.7292543281697497,True,Higher than
1400,0.9372152099001628,0.912154489645199,True,Higher than
1401,0.872753438376118,0.8667219571122513,True,Higher than
1402,0.8641269399995898,0.8906896122385504,True,Lower than
1403,0.9623659737762387,0.9074892602416144,True,Higher than
1404,0.881619992137254,0.7915625877307417,True,Higher than
1405,0.8067394465856577,0.8123962380525421,True,Lower than
1407,0.7890552263744578,0.91664943684751,True,Lower than
1408,0.956944997439631,0.7468291818935947,True,Higher than
1410,0.9356650556117765,0.8364438670165965,True,Higher than
1411,0.9134632752063275,0.7275142185525807,True,Higher than
1413,0.7961205260994197,0.8337735522832759,True,Lower than
1414,0.839767975721639,0.7945988078584416,True,Higher than
1415,0.8316852233158719,0.7940061614185994,True,Higher than
1416,0.9145806843543408,0.758243730474769,True,Higher than
1418,0.8180252763315091,0.8406735818176041,True,Lower than
1420,0.9196649879361088,0.7901813972170664,True,Higher than
1421,0.84218283540704,0.8326130656957565,True,Higher than
1422,0.7902384395024872,0.8901022207240155,True,Lower than
1423,0.8228068033407094,0.7821299218082483,True,Higher than
1424,0.8677310961894479,0.7578121277971506,True,Higher than
1425,0.8389894076572291,0.765609947670676,True,Higher than
1426,0.47028792051396984,0.8519456965650234,True,Lower than
1427,0.6370459920129143,0.7601239457512657,True,Lower than
1428,0.9661173854488071,0.918231557191933,True,Higher than
1429,0.7977266108349315,0.9389169258655019,True,Lower than
1430,0.5264440074186502,0.8703193152768753,True,Lower than
1431,0.8800538552325142,0.8781998156146408,False,Equal
1433,0.9714157206026809,0.9317631905026791,True,Higher than
1439,0.9154981995868521,0.8707434487019493,True,Higher than
1440,0.8670892314232145,0.7535645990106711,True,Higher than
1441,0.8923082831655749,0.7526014564797898,True,Higher than
1442,0.8792681659094441,0.7594436628034008,True,Higher than
1443,0.7872193772053243,0.8143638649693082,True,Lower than
1445,0.940444606000431,0.7469774728286452,True,Higher than
1449,0.9251262559363588,0.7447153722489231,True,Higher than
1450,0.8196751437016815,0.7533250204348683,True,Higher than
1451,0.8861216005690113,0.7928639161648223,True,Higher than
1452,0.9279451569613762,0.7595033526730688,True,Higher than
1454,0.8323111820395832,0.9260610503796818,True,Lower than
1456,0.9142743760238216,0.9080630162831149,True,Higher than
1457,0.8641609400085115,0.7501790229721464,True,Higher than
1458,0.9425726220672137,0.74370759863966,True,Higher than
1459,0.8677841848275174,0.7483976433701315,True,Higher than
1460,0.9160510576777963,0.7270448777706636,True,Higher than
1461,0.9308357860475968,0.7464136265243699,True,Higher than
1471,0.3057292621421064,0.9386131815654412,True,Lower than
1475,0.9136774601866573,0.9229604567746411,True,Lower than
1477,0.459543181963462,0.8198481353795024,True,Lower than
1478,0.9153597616443163,0.7298589325181153,True,Higher than
1485,0.8976050237028766,0.7747111233934324,True,Higher than
1486,0.94397357015105,0.8920689914420633,True,Higher than
1487,0.38592950575503293,0.8891972949147291,True,Lower than
1488,0.9450738228036795,0.7622703995299516,True,Higher than
1490,0.47458622805395195,0.8396063194594686,True,Lower than
1491,0.8675916437414144,0.7249861880569781,True,Higher than
1492,0.8762567710231642,0.8188095632113466,True,Higher than
1493,0.7555712290062171,0.8654511865957136,True,Lower than
1495,0.9024960046199896,0.7571494822974164,True,Higher than
1497,0.8458635279360409,0.7923905447947077,True,Higher than
1499,0.9351674600713158,0.8813478842345053,True,Higher than
1500,0.8163783767825364,0.7645391493183269,True,Higher than
1501,0.9208406072648927,0.7605526269515757,True,Higher than
1502,0.8503233459775302,0.7639428861777791,True,Higher than
1503,0.921291615619601,0.8774765986822815,True,Higher than
1505,0.8849122783746728,0.7732121426827997,True,Higher than
1506,0.33669235150828547,0.9210321429825739,True,Lower than
1507,0.9445949613283621,0.7572253858810378,True,Higher than
1512,0.8102579993456298,0.8014919735264086,True,Higher than
1513,0.9756156900603402,0.7866983866758995,True,Higher than
1514,0.9431312003344748,0.8283023152409216,True,Higher than
1515,0.9243080363204219,0.7399280239938213,True,Higher than
1516,0.9499705079599623,0.7842621281417279,True,Higher than
1517,0.8708855703371743,0.7752017625646884,True,Higher than
1518,0.8760316016289655,0.8649677291421094,True,Higher than
1519,0.7640673412562102,0.7877492620614784,True,Lower than
1520,0.7748528620945111,0.7937465942040922,True,Lower than
1521,0.9573456871170296,0.7276917700093144,True,Higher than
1523,0.7128088191220104,0.8411956365451873,True,Lower than
1525,0.9582745009967366,0.8896195947731423,True,Higher than
1531,0.8671637020462328,0.8226434416575086,True,Higher than
1532,0.9386617851497308,0.7534292996938831,True,Higher than
1535,0.43306439275986974,0.7752142083264394,True,Lower than
1536,0.7767642810982778,0.7237197837541507,True,Higher than
1537,0.3397614635682598,0.8952118400750898,True,Lower than
1540,0.7584526731901896,0.7927774562020146,True,Lower than
1541,0.93858801571843,0.7880051347500447,True,Higher than
1543,0.7820105972681058,0.7601362636291276,True,Higher than
1544,0.725149040999547,0.8993874253510028,True,Lower than
1545,0.7275058129009587,0.7967279419136836,True,Lower than
1548,0.2780799529631009,0.9294775227336907,True,Lower than
1549,0.7708411900449575,0.9209559188067731,True,Lower than
1550,0.9317749778300307,0.8367021369392863,True,Higher than
1552,0.9653704739826874,0.7194334848174442,True,Higher than
1554,0.805229267769547,0.8329426464809875,True,Lower than
1556,0.8409804830510319,0.8944953590256769,True,Lower than
1560,0.8953887922897513,0.7544688667362845,True,Higher than
1562,0.9207801329977414,0.8023863706414132,True,Higher than
1563,0.8254802474111751,0.7562405695536998,True,Higher than
1564,0.9645934194052446,0.905634520457887,True,Higher than
1565,0.9379091503269126,0.895570484076,True,Higher than
1566,0.9377410035139703,0.9110879281329005,True,Higher than
1568,0.7956138445648226,0.8510386899901522,True,Lower than
1573,0.9335815609988597,0.7835941257340138,True,Higher than
1574,0.7397819544952707,0.8250962328717664,True,Lower than
1576,0.6012660236006999,0.8902002573158022,True,Lower than
1577,0.9455709913279083,0.7228156953229656,True,Higher than
1578,0.3578617713231658,0.9245466671835852,True,Lower than
1579,0.9460950192622367,0.7899138977192932,True,Higher than
1580,0.8009596484419588,0.9401566607890005,True,Lower than
1581,0.8180641067872878,0.799062884770423,True,Higher than
1582,0.869282307851764,0.9080811588308308,True,Lower than
1584,0.8239631489859149,0.9056889858254299,True,Lower than
1588,0.3495544664768922,0.9176610152425978,True,Lower than
1589,0.5925422532039546,0.7884334172059956,True,Lower than
1590,0.7522055865211826,0.7904424710535563,True,Lower than
1591,0.7996462676367107,0.7635396926705863,True,Higher than
1592,0.39358696589532316,0.9371104769305991,True,Lower than
1593,0.911174900428767,0.8279061691878432,True,Higher than
1594,0.891712406097845,0.7507675668609609,True,Higher than
1595,0.41894613510512513,0.7622334391234014,True,Lower than
1596,0.7009483668683236,0.7693458266413998,True,Lower than
1597,0.6358464888408994,0.841113117917194,True,Lower than
1600,0.2228323689649475,0.9079852743609783,True,Lower than
1604,0.8920421617285471,0.9043336818001826,True,Lower than
1605,0.7899626900585922,0.897374765602556,True,Lower than
1606,0.9042799508203218,0.8082097581401807,True,Higher than
1607,0.8675990927631919,0.750770109416607,True,Higher than
1609,0.8381131561829444,0.8439544347389862,True,Lower than
1610,0.9112156074193356,0.8896506460389816,True,Higher than
1612,0.628942017705583,0.9109789234866732,True,Lower than
1613,0.7880566797028085,0.7476078522981942,True,Higher than
1614,0.5570390224935111,0.8271158153808503,True,Lower than
1615,0.9084764468484934,0.7917482987022872,True,Higher than
1616,0.9237745103535335,0.7588646020369733,True,Higher than
1617,0.9778781631428479,0.8738348035465495,True,Higher than
1618,0.8168270691788244,0.9171908365828669,True,Lower than
1621,0.8864325951307772,0.9379390528524406,True,Lower than
1622,0.6632248189437755,0.9015109920804436,True,Lower than
1623,0.39128329329084943,0.9347279350779967,True,Lower than
1624,0.8779813532815711,0.8855559359159872,True,Lower than
1625,0.5829200755415355,0.9394672719643081,True,Lower than
1626,0.6126503393572663,0.7643888624492928,True,Lower than
1629,0.8076757914267139,0.8181862797457309,True,Lower than
1630,0.9108816462247311,0.8679395284808982,True,Higher than
1631,0.5880701446149421,0.7505221855742917,True,Lower than
1632,0.6337091509354996,0.8682119554372089,True,Lower than
1633,0.2941529479012941,0.8358386102049059,True,Lower than
1635,0.8754585317530473,0.8071193887642112,True,Higher than
1636,0.8013377286288215,0.8487557713004488,True,Lower than
1637,0.8431806357756728,0.86396853511823,True,Lower than
1638,0.8923980618490581,0.849302196754341,True,Higher than
1640,0.761377855191061,0.8833786814159862,True,Lower than
1642,0.9794022271813334,0.8260390684886454,True,Higher than
1643,0.5059198167836154,0.7499365165125638,True,Lower than
1644,0.4423684785674083,0.8103651921995183,True,Lower than
1645,0.8753733978062125,0.7686455445128989,True,Higher than
1646,0.593909941598644,0.8806361356912911,True,Lower than
1647,0.9191874807587821,0.8632975331814761,True,Higher than
1649,0.9148177661422718,0.7901386349517777,True,Higher than
1651,0.9236708434149468,0.8431683000245889,True,Higher than
1655,0.9094983343985455,0.7304835760857857,True,Higher than
1656,0.793994513260137,0.8260751808075518,True,Lower than
1657,0.3229433287203546,0.8411082844956863,True,Lower than
1662,0.8168335999529309,0.816237795099586,False,Equal
1663,0.841794421036204,0.8947870092252547,True,Lower than
1665,0.9312861467402961,0.8335225722133246,True,Higher than
1666,0.38020072138191136,0.919937105283548,True,Lower than
1670,0.9444435212204065,0.8605815745904997,True,Higher than
1671,0.8634076177785438,0.7332301999974079,True,Higher than
1673,0.9011465479802186,0.7475987348731553,True,Higher than
1676,0.8171542630383813,0.7909561163802117,True,Higher than
1677,0.8254313314853254,0.766347010918178,True,Higher than
1681,0.8975005676537079,0.7739829894134514,True,Higher than
1683,0.9028963421315743,0.7901190747631613,True,Higher than
1684,0.8570372885397975,0.9123989702634183,True,Lower than
1690,0.9106349482554007,0.7491973998960095,True,Higher than
1691,0.9012908224048312,0.9225150349831307,True,Lower than
1696,0.6001761971144893,0.7583878603616351,True,Lower than
1698,0.8838844895697365,0.7494492724248866,True,Higher than
1699,0.23486758624114779,0.898312523566965,True,Lower than
1703,0.9476871061703177,0.7938980054309631,True,Higher than
1706,0.924546702421555,0.9049820511533848,True,Higher than
1708,0.8305155563766476,0.8094390435756058,True,Higher than
1709,0.9524367788016372,0.7219481923915191,True,Higher than
1710,0.8639158081241992,0.7434142906432709,True,Higher than
1711,0.9316178830559965,0.9382311770986389,True,Lower than
1712,0.8921707085063695,0.7456071043862894,True,Higher than
1713,0.8019580616619866,0.793651169005001,True,Higher than
1714,0.8948483580211035,0.7249775024802506,True,Higher than
1715,0.903938335710208,0.7493091560416693,True,Higher than
1716,0.5006726300030613,0.91100721678255,True,Lower than
1717,0.8357081259269082,0.7606934795887073,True,Higher than
1718,0.9476871061703177,0.7851507299921349,True,Higher than
