treatment_index,protected Pr(Y=1),matched mean Pr(Y=1),mean_diff,p_value,color,is_selected
0,0.547504564972857,0.9295099324320526,0.38200536745919556,3.5827015580882773e-183,gray,No
11,0.8727742738651957,0.7424126022187214,-0.13036167164647428,1.0,gray,No
13,0.8063718018745515,0.9233005554033012,0.11692875352874976,3.926899482523364e-115,gray,No
18,0.6632484535776292,0.9120152461686181,0.24876679259098888,4.773487248456401e-140,gray,No
19,0.8467775713470851,0.7677791691006228,-0.07899840224646226,1.0,gray,No
21,0.8752170759826975,0.7424570289438175,-0.13276004703888,1.0,gray,No
22,0.7945973341024213,0.922751544584625,0.12815421048220377,1.5355177700552225e-118,gray,No
29,0.7723263709425098,0.856537248881864,0.08421087793935422,2.743519244555516e-67,gray,No
31,0.9651150975502836,0.8125643244541991,-0.15255077309608445,1.0,gray,No
35,0.9406359636740124,0.8857791380150851,-0.054856825658927244,1.0,gray,No
36,0.8459880690619258,0.7553683260813763,-0.09061974298054953,1.0,gray,No
38,0.9491474601723029,0.7352497499671337,-0.21389771020516923,1.0,gray,No
41,0.7820137927777857,0.8621752542235932,0.08016146144580749,2.9808719787730863e-66,gray,No
43,0.7283566467382786,0.8664453021631511,0.13808865542487248,3.7600267341797063e-91,gray,No
44,0.7064579397547704,0.8568259890080854,0.15036804925331493,9.450463364315609e-99,gray,No
49,0.7559856504611263,0.8752184753201041,0.11923282485897779,4.385573568167265e-89,gray,No
50,0.3872770290823203,0.9331125012729822,0.5458354721906619,4.624140033091517e-203,gray,No
53,0.5133729659823434,0.9179119996411121,0.40453903365876875,6.870175642402803e-160,gray,No
54,0.8848076913467379,0.762222036731632,-0.12258565461510584,1.0,gray,No
56,0.6988757712208606,0.8439353234685896,0.14505955224772893,3.427954260908767e-86,gray,No
61,0.9193282336229598,0.7581200962703696,-0.1612081373525902,1.0,gray,No
63,0.6756431027897175,0.8237740999345178,0.14813099714480027,5.553178558408484e-88,gray,No
68,0.6310448931334072,0.8354690328259646,0.20442413969255746,2.34939813018791e-108,gray,No
71,0.9080362280723133,0.7501877390578673,-0.15784848901444604,1.0,gray,No
75,0.6792372487002704,0.9067167256108821,0.22747947691061177,3.0332764932014225e-135,gray,No
81,0.794525576405602,0.7622248449318697,-0.03230073147373225,0.9999999999999997,gray,No
82,0.8241108031639947,0.7628018892298194,-0.06130891393417526,1.0,gray,No
84,0.7324131026364695,0.9231101164207121,0.19069701378424253,7.61312832452409e-132,gray,No
85,0.871962014630959,0.8254267698390712,-0.046535244791887864,1.0,gray,No
86,0.822053176642477,0.7555481281554944,-0.06650504848698258,1.0,gray,No
87,0.7847195823315937,0.7586036014817588,-0.026115980849834908,0.9999999999999971,gray,No
88,0.7888285295466622,0.7805654603033974,-0.008263069243264809,0.9938698181569857,gray,No
90,0.7960200136703305,0.7702757554046219,-0.025744258265708586,0.9999999999999998,gray,No
91,0.7875236349910676,0.7353310445076765,-0.05219259048339109,1.0,gray,No
92,0.8563253055470762,0.797827617586766,-0.058497687960310185,1.0,gray,No
93,0.9624287356941941,0.7596503325713101,-0.20277840312288398,1.0,gray,No
94,0.7187962683446881,0.9267617319621954,0.20796546361750723,5.246774856691554e-147,gray,No
95,0.8072768961567252,0.9314544898893939,0.12417759373266879,7.201593650338963e-134,gray,No
97,0.9104324417107763,0.7459578833354189,-0.1644745583753574,1.0,gray,No
98,0.5760113085839826,0.9215965799220036,0.34558527133802097,2.5475768350751825e-163,gray,No
101,0.8216687641184088,0.763691173751686,-0.05797759036672279,1.0,gray,No
106,0.60791080573871,0.9109621298275354,0.3030513240888254,1.518917585600354e-147,gray,No
108,0.6259227831357106,0.9400509581682915,0.31412817503258095,4.456953138546761e-198,gray,No
113,0.7814858673786201,0.886570425339285,0.10508455796066485,3.1161571810512093e-79,gray,No
114,0.9470721887631127,0.938226444920153,-0.008845743842959775,1.0,gray,No
116,0.8705159436821612,0.771401989110871,-0.09911395457129024,1.0,gray,No
117,0.9404112218340202,0.7476094030126942,-0.19280181882132597,1.0,gray,No
119,0.9558680718277895,0.7828538063803184,-0.17301426544747112,1.0,gray,No
120,0.87222933320464,0.7677203064348607,-0.10450902676977936,1.0,gray,No
121,0.9505865163759073,0.8940609483109911,-0.056525568064916154,1.0,gray,No
122,0.9353880728312968,0.777117294345642,-0.15827077848565474,1.0,gray,No
123,0.6585222865487182,0.9317460099777761,0.2732237234290579,2.0974519952848056e-172,gray,No
128,0.8156915588805015,0.929282714215575,0.11359115533507347,2.895235017777034e-128,gray,No
132,0.6846619337192162,0.9017486273974685,0.21708669367825228,7.21091962644315e-127,gray,No
135,0.7663580408579124,0.9086651856614962,0.14230714480358386,7.96384790816546e-115,gray,No
136,0.8208719207242217,0.7602553310632232,-0.06061658966099848,1.0,gray,No
137,0.8238331302504684,0.7899186684409788,-0.03391446180948965,1.0,gray,No
138,0.8651077859360805,0.8678262805632933,0.002718494627212742,0.0558171334721953,gray,No
140,0.8776313359768285,0.7469638971713565,-0.13066743880547205,1.0,gray,No
142,0.9684524612033845,0.8295356534207969,-0.13891680778258753,1.0,gray,No
147,0.9661173854488071,0.9172282730970047,-0.04888911235180238,1.0,gray,No
150,0.8927992301891304,0.7818099566573045,-0.11098927353182597,1.0,gray,No
152,0.9636675153447015,0.9002686020850639,-0.06339891325963765,1.0,gray,No
153,0.7859072379072525,0.7409480054443324,-0.04495923246292011,1.0,gray,No
154,0.9088627210293,0.8337380081160081,-0.07512471291329192,1.0,gray,No
155,0.7539867171344306,0.7578805056014997,0.0038937884670691147,0.10925143424457695,gray,No
156,0.8876995907302394,0.7604629443325518,-0.1272366463976876,1.0,gray,No
157,0.9077536708675122,0.7316297761776677,-0.17612389468984457,1.0,gray,No
158,0.7901907865475125,0.9140129575320667,0.12382217098455417,3.758205991170672e-108,gray,No
160,0.8906612953027409,0.7639099317253297,-0.12675136357741112,1.0,gray,No
161,0.826450825928073,0.7485915649191441,-0.07785926100892882,1.0,gray,No
162,0.6282986767705274,0.834178911696806,0.2058802349262786,1.1718667646301135e-102,gray,No
164,0.8776313359768285,0.7485571284186231,-0.12907420755820542,1.0,gray,No
165,0.8752010421590702,0.8284081562547647,-0.046792885904305526,1.0,gray,No
166,0.6847696327967133,0.8947363698099977,0.2099667370132844,5.1528638502636915e-121,gray,No
167,0.9070914914322871,0.7404600949437432,-0.16663139648854386,1.0,gray,No
168,0.8996145109241263,0.7476457359148903,-0.151968775009236,1.0,gray,No
169,0.8478729589553872,0.7274660335135917,-0.12040692544179543,1.0,gray,No
170,0.7993920170004885,0.8999991871291384,0.10060717012864995,1.694973471142495e-95,gray,No
171,0.7957115931302576,0.9015729713102445,0.10586137817998686,5.455980291580788e-101,gray,No
172,0.7721039630657788,0.7613416279206122,-0.010762335145166557,0.999996232046059,gray,No
173,0.9140206943682182,0.8055189093948947,-0.10850178497332352,1.0,gray,No
174,0.8733365266912417,0.7469640278049725,-0.12637249888626922,1.0,gray,No
180,0.891052288411838,0.863565917155215,-0.02748637125662301,1.0,gray,No
181,0.7536632900424032,0.8389075885828722,0.085244298540469,1.730664616539553e-67,gray,No
184,0.5653971035841949,0.8107916858291727,0.2453945822449778,1.3208615927235312e-95,gray,No
185,0.8482853879017344,0.8027632778410358,-0.045522110060698506,1.0,gray,No
186,0.770780566726818,0.9125717974165429,0.14179123068972488,1.0831920759734155e-116,gray,No
187,0.8152296160729113,0.9173420450979544,0.10211242902504303,6.8019789638283e-104,gray,No
188,0.6764711594269441,0.8855532041069317,0.2090820446799876,2.3604999486754317e-117,gray,No
201,0.9112693408604686,0.7509733526654856,-0.16029598819498303,1.0,gray,No
202,0.8196114725496018,0.9339809886925668,0.11436951614296509,9.86297275803812e-139,gray,No
208,0.715502097875517,0.8476670268144676,0.1321649289389506,1.2407119050999754e-92,gray,No
212,0.6805136649510707,0.9392218012108227,0.258708136259752,2.4705402739048093e-183,gray,No
213,0.8669557380095995,0.8162177831157613,-0.050737954893838144,1.0,gray,No
214,0.8915689142540268,0.8517454301805434,-0.03982348407348346,1.0,gray,No
216,0.721725292867792,0.8420105482806508,0.12028525541285884,1.7481216141799682e-77,gray,No
220,0.8983005620878588,0.7231522835633588,-0.1751482785245,1.0,gray,No
221,0.8050258531908625,0.9389912647630411,0.13396541157217856,3.3891731041268974e-153,gray,No
223,0.6470986427299563,0.8830468557715296,0.23594821304157332,4.732725571543428e-119,gray,No
224,0.9059619561494917,0.7440829733772438,-0.16187898277224788,1.0,gray,No
225,0.7211842170676208,0.7993020858140782,0.07811786874645743,3.233891808164668e-56,gray,No
229,0.6625956918652774,0.8320888982927788,0.16949320642750132,1.132874255958546e-92,gray,No
231,0.955275335995393,0.75451760087615,-0.200757735119243,1.0,gray,No
234,0.8945804217592731,0.7549138233759644,-0.13966659838330875,1.0,gray,No
236,0.8691575290043507,0.8260228320978862,-0.04313469690646454,1.0,gray,No
237,0.4190958708758832,0.9286391907615303,0.5095433198856472,1.3456680113694443e-189,gray,No
241,0.9616435308626663,0.9185329267364386,-0.04311060412622769,1.0,gray,No
243,0.959734289958659,0.906588818171863,-0.05314547178679596,1.0,gray,No
244,0.9227239028518213,0.8196324659801079,-0.1030914368717134,1.0,gray,No
246,0.9700622607823809,0.7717755892980823,-0.19828667148429857,1.0,gray,No
247,0.9709510851722029,0.8293195640763322,-0.14163152109587063,1.0,gray,No
249,0.7619030965646395,0.9329069488101783,0.17100385224553882,6.85339580584604e-152,gray,No
251,0.5633396326373645,0.8374440813094034,0.27410444867203887,8.065539914344546e-116,gray,No
261,0.8504380627357327,0.7639516539422256,-0.08648640879350711,1.0,gray,No
262,0.8718780550339724,0.7558566848468032,-0.11602137018716918,1.0,gray,No
266,0.8846298523323726,0.7220971692362478,-0.16253268309612479,1.0,gray,No
267,0.6318979989874498,0.9133005282813248,0.281402529293875,4.491994847883905e-153,gray,No
268,0.8510197002492582,0.8130228173365901,-0.03799688291266812,1.0,gray,No
270,0.9616988166476196,0.7180754799454945,-0.2436233367021251,1.0,gray,No
271,0.8216980818175442,0.7221885401021345,-0.09950954171540971,1.0,gray,No
272,0.8689332862355849,0.7489009089710602,-0.12003237726452465,1.0,gray,No
276,0.96597784104946,0.73989179116821,-0.22608604988125003,1.0,gray,No
277,0.7962225853947877,0.7804437224982331,-0.015778862896554613,0.9999996205559356,gray,No
278,0.7042469826905223,0.941254403978284,0.23700742128776164,5.520813936756713e-175,gray,No
279,0.5795977038562032,0.9157417634844052,0.33614405962820193,4.092805602058442e-155,gray,No
280,0.8180797449663569,0.7353900612023413,-0.08268968376401564,1.0,gray,No
284,0.7054966180540129,0.8414898266586945,0.13599320860468167,3.6757292232094606e-82,gray,No
287,0.8778756522360702,0.7585796874546162,-0.11929596478145399,1.0,gray,No
289,0.9430695212452996,0.8974671112316804,-0.0456024100136192,1.0,gray,No
292,0.8558398435446963,0.749416405964594,-0.10642343758010231,1.0,gray,No
294,0.8161690067136207,0.7570153238127856,-0.059153682900835114,1.0,gray,No
295,0.9472823343226956,0.9056242638928071,-0.04165807042988845,1.0,gray,No
296,0.9260715051500085,0.7453601455801534,-0.18071135956985507,1.0,gray,No
297,0.7810503408526112,0.9368038629508938,0.15575352209828264,2.4184259035100064e-162,gray,No
299,0.9658206625630332,0.9024568314075795,-0.06336383115545374,1.0,gray,No
302,0.8714328571338636,0.8274321933306144,-0.044000663803249296,1.0,gray,No
304,0.7100353618432924,0.9120047265424218,0.2019693646991294,1.7767221446672861e-131,gray,No
305,0.8563744819564284,0.7413495833957886,-0.1150248985606398,1.0,gray,No
306,0.9086538135854476,0.7800957357703937,-0.1285580778150539,1.0,gray,No
309,0.7923485556294477,0.8735501923883856,0.08120163675893788,2.7686433826238837e-75,gray,No
312,0.8473922984856971,0.7558220066687017,-0.09157029181699539,1.0,gray,No
313,0.8888407515123202,0.7663370014836854,-0.12250375002863478,1.0,gray,No
316,0.9483339686998411,0.7285796721028034,-0.2197542965970377,1.0,gray,No
320,0.9650655277542969,0.9180088434666961,-0.04705668428760079,1.0,gray,No
322,0.8615739696624722,0.8348270179578376,-0.02674695170463459,1.0,gray,No
325,0.819800490830635,0.8154256838475815,-0.004374806983053481,0.963239159681535,gray,No
328,0.6846577217754205,0.9243213431294892,0.2396636213540687,1.8470855938922862e-147,gray,No
329,0.7455496299716816,0.8586181502275039,0.11306852025582226,4.33187228753998e-84,gray,No
331,0.9103237320558589,0.7278691916402888,-0.18245454041557008,1.0,gray,No
332,0.8973925421745481,0.7710358025820112,-0.1263567395925369,1.0,gray,No
333,0.889294199031925,0.746960865033778,-0.14233333399814696,1.0,gray,No
334,0.8619893429128,0.8472303331751124,-0.014759009737687623,0.9999999999999929,gray,No
336,0.8666450512324717,0.8317421093405833,-0.03490294189188836,1.0,gray,No
338,0.926250658781625,0.762132176872617,-0.16411848190900802,1.0,gray,No
339,0.845221019034505,0.777826339925754,-0.06739467910875097,1.0,gray,No
340,0.9612023334330801,0.911415504173564,-0.04978682925951616,1.0,gray,No
341,0.8919921112350538,0.74416732953366,-0.1478247817013938,1.0,gray,No
345,0.911350027810935,0.8159007502309599,-0.09544927757997512,1.0,gray,No
346,0.9198865981913683,0.7226858701399693,-0.197200728051399,1.0,gray,No
347,0.9563135831558527,0.9060621622462905,-0.05025142090956214,1.0,gray,No
348,0.8360523265248517,0.7567546264786891,-0.07929770004616266,1.0,gray,No
350,0.7839754983834425,0.7879867807984299,0.004011282414987383,0.09269415505434093,gray,No
351,0.926392533338413,0.7569389708760919,-0.16945356246232113,1.0,gray,No
358,0.9204366873630954,0.7539808703120857,-0.16645581705100965,1.0,gray,No
359,0.650276980474961,0.9003356288238915,0.25005864834893055,5.298406234123866e-132,gray,No
360,0.8506560419990029,0.7996980633501064,-0.05095797864889651,1.0,gray,No
361,0.914030094163006,0.7466250831853452,-0.1674050109776608,1.0,gray,No
362,0.7488838824643159,0.9377813998380864,0.18889751737377047,1.0969354740221033e-157,gray,No
363,0.8498154688816983,0.7532115143282112,-0.09660395455348714,1.0,gray,No
364,0.9087202806724279,0.8479462444133038,-0.06077403625912414,1.0,gray,No
365,0.7676753546907327,0.7632275765995091,-0.004447778091223542,0.9517231643785838,gray,No
367,0.9076714990180145,0.728123824407148,-0.17954767461086651,1.0,gray,No
368,0.8816156916659361,0.7616667155163506,-0.11994897614958555,1.0,gray,No
369,0.9109412297646794,0.8535336114099706,-0.057407618354708756,1.0,gray,No
372,0.7911130794782593,0.7789661172276716,-0.012146962250587645,0.9998760007317989,gray,No
373,0.9439791288261067,0.7589262368391636,-0.18505289198694308,1.0,gray,No
374,0.6829992829885575,0.7997964631800051,0.11679718019144758,1.2626557043717077e-70,gray,No
375,0.9598653481614517,0.7328109286997467,-0.22705441946170501,1.0,gray,No
376,0.8316999254060912,0.7654670227263959,-0.06623290267969528,1.0,gray,No
377,0.9108708495374738,0.746521587237225,-0.16434926230024882,1.0,gray,No
383,0.8498154688816983,0.7589072831161601,-0.09090818576553827,1.0,gray,No
384,0.6487134816044815,0.9229424660344541,0.27422898442997257,7.426091529146087e-157,gray,No
387,0.9408918538565904,0.8132215341628489,-0.12767031969374143,1.0,gray,No
388,0.9561440962809883,0.7891945221057658,-0.1669495741752225,1.0,gray,No
389,0.7378911135512858,0.9216341129389256,0.18374299938763983,7.704215125901621e-130,gray,No
395,0.6621422611582399,0.7609894792401607,0.09884721808192076,7.641544983429152e-54,gray,No
397,0.8070074394607448,0.9216356429874378,0.114628203526693,5.466391845428447e-110,gray,No
400,0.9005840867806069,0.7933423592643334,-0.10724172751627348,1.0,gray,No
401,0.616192135485557,0.9394408114332964,0.32324867594773943,2.2244449950767776e-193,gray,No
402,0.7530717056266167,0.9240235436325598,0.17095183800594305,1.2228363920048196e-132,gray,No
403,0.8714375286661038,0.8313334474258063,-0.04010408124029752,1.0,gray,No
407,0.9398440953958699,0.9230979720069499,-0.01674612338892001,1.0,gray,No
408,0.7481201224170867,0.732863060338917,-0.01525706207816968,0.9999977177898414,gray,No
412,0.7111702099191176,0.788287074928359,0.07711686500924142,3.466639232486528e-52,gray,No
420,0.898997407291739,0.8352366563817306,-0.06376075091000843,1.0,gray,No
422,0.9290878869998868,0.7821125973455704,-0.1469752896543164,1.0,gray,No
423,0.7355820015128756,0.907643286685209,0.17206128517233343,5.781216575808671e-122,gray,No
425,0.8043455813808436,0.7603078301553847,-0.04403775122545883,1.0,gray,No
427,0.66961842771614,0.9113365493576459,0.24171812164150586,1.1435538877618293e-138,gray,No
430,0.9067933797052093,0.7900205941934628,-0.11677278551174652,1.0,gray,No
432,0.9276656547327098,0.9216434160728616,-0.006022238659848189,0.999999992275681,gray,No
433,0.9287652712917334,0.7814664444647998,-0.14729882682693352,1.0,gray,No
434,0.8843404338242723,0.7730103234266426,-0.11133011039762974,1.0,gray,No
436,0.8218610740460365,0.7864690382025831,-0.03539203584345341,1.0,gray,No
437,0.9013341018185886,0.9008199499951854,-0.0005141518234031972,0.6400408200907659,gray,No
438,0.5482996691328997,0.9059465526765313,0.3576468835436316,1.217705863140165e-150,gray,No
442,0.9183163043161335,0.9198259097397343,0.0015096054236007905,0.05240872146910988,gray,No
447,0.9574186152400307,0.9069290799659168,-0.05048953527411393,1.0,gray,No
450,0.8836139004775205,0.8371168716685934,-0.04649702880892714,1.0,gray,No
452,0.9161016328330839,0.7480792256847542,-0.16802240714832972,1.0,gray,No
453,0.9116862536381835,0.7444917251157414,-0.1671945285224421,1.0,gray,No
456,0.79171637513071,0.752275550412955,-0.03944082471775501,1.0,gray,No
457,0.9568045654948507,0.8433734492068349,-0.11343111628801583,1.0,gray,No
459,0.8530108356616608,0.7500225691286394,-0.1029882665330214,1.0,gray,No
461,0.6408668409239451,0.7472317006717482,0.10636485974780308,3.3351391468161425e-51,gray,No
463,0.9151916798807715,0.8733790075958061,-0.041812672284965435,1.0,gray,No
464,0.7495128523784131,0.8938164495110296,0.14430359713261642,5.913304008943029e-99,gray,No
466,0.9159378426579157,0.751032809804042,-0.1649050328538737,1.0,gray,No
467,0.7602910063381567,0.9251039097058431,0.1648129033676864,6.5204716164586596e-130,gray,No
468,0.8815260080148495,0.7484614509422522,-0.13306455707259723,1.0,gray,No
469,0.8838828230967712,0.7423965409902759,-0.1414862821064954,1.0,gray,No
470,0.8688233385018435,0.7862388136964173,-0.08258452480542611,1.0,gray,No
471,0.8663205765862578,0.7548786615340015,-0.11144191505225631,1.0,gray,No
472,0.7634434959243576,0.8948346975409678,0.13139120161661022,2.467489595034554e-103,gray,No
474,0.7945606276867446,0.7573193725982047,-0.037241255088539926,1.0,gray,No
475,0.8989016730187164,0.7327630435182263,-0.16613862950049008,1.0,gray,No
477,0.7275717551704727,0.893808844493419,0.16623708932294634,5.0928461676155134e-108,gray,No
478,0.9463036452248755,0.725308184530733,-0.22099546069414255,1.0,gray,No
479,0.768242385092038,0.8963467596507667,0.1281043745587287,1.4096420199533567e-95,gray,No
482,0.8716127136656968,0.825853722146837,-0.04575899151885976,1.0,gray,No
487,0.8897188095196744,0.7400757510103544,-0.14964305850932003,1.0,gray,No
488,0.9186268986882449,0.7937687880998436,-0.12485811058840124,1.0,gray,No
490,0.9670937327760147,0.8300833741438395,-0.13701035863217526,1.0,gray,No
492,0.5018720377700944,0.940233919847533,0.43836188207743865,1.9951999428974055e-206,gray,No
496,0.8672374524596882,0.7522473563306938,-0.11499009612899436,1.0,gray,No
498,0.6400407508500948,0.8096612908535613,0.1696205400034665,2.6991173830708142e-83,gray,No
505,0.6083044881300536,0.9397668210853124,0.33146233295525884,3.3434875204166807e-196,gray,No
509,0.9264445654415012,0.9076651141954782,-0.018779451246022982,1.0,gray,No
511,0.6832301153321817,0.9312901499173353,0.24806003458515358,5.616603934722622e-169,gray,No
513,0.34584134450527887,0.8007320582040955,0.4548907136988167,2.506875191545988e-124,gray,No
515,0.5560382114925164,0.8150714376459212,0.25903322615340474,2.0715022602559424e-109,gray,No
516,0.7441481813600975,0.8967558642165895,0.15260768285649196,6.906300808847e-108,gray,No
517,0.8938017722495507,0.7860596035492086,-0.10774216870034214,1.0,gray,No
519,0.9321033088192442,0.7250511597022279,-0.2070521491170163,1.0,gray,No
520,0.27887809372877337,0.8878641121708075,0.6089860184420341,1.5796440523537392e-169,gray,No
521,0.8709270605553724,0.7914586513613936,-0.0794684091939788,1.0,gray,No
522,0.9563463841548083,0.9216632807225769,-0.034683103432231466,1.0,gray,No
524,0.9280826302442641,0.7504395033173874,-0.17764312692687667,1.0,gray,No
527,0.5237736944082213,0.7402878199750318,0.2165141255668105,1.0576156655185355e-85,gray,No
533,0.8633608056093846,0.8309107702985185,-0.0324500353108661,1.0,gray,No
535,0.9507850332348579,0.743077746807963,-0.20770728642689484,1.0,gray,No
539,0.9461700055591017,0.7443377626379885,-0.20183224292111324,1.0,gray,No
547,0.8871913369322977,0.8859589160423853,-0.0012324208899123779,0.796848171465083,gray,No
552,0.6110508368186751,0.8669454892418481,0.255894652423173,1.1749162703542942e-117,gray,No
554,0.4658332428434285,0.939856812169696,0.4740235693262675,6.611710103952497e-213,gray,No
556,0.8784078389877545,0.7134204908906253,-0.16498734809712923,1.0,gray,No
557,0.9297266464498947,0.7477511043082241,-0.18197554214167055,1.0,gray,No
560,0.2676288218186243,0.91386644415762,0.6462376223389956,2.8128468352289765e-183,gray,No
564,0.9133403142224016,0.8434616083833013,-0.06987870583910027,1.0,gray,No
565,0.9173435217945726,0.8460650349866424,-0.07127848680793014,1.0,gray,No
566,0.9231179718574538,0.7607143569865213,-0.16240361487093247,1.0,gray,No
567,0.7436879656779235,0.7275100134588095,-0.016177952219114,0.999999787924274,gray,No
569,0.943918313856871,0.7228692829167989,-0.2210490309400721,1.0,gray,No
570,0.7139963860631027,0.80086907678264,0.0868726907195373,3.629656442403403e-54,gray,No
571,0.8477519240099977,0.7637286715032424,-0.08402325250675524,1.0,gray,No
573,0.6978979498285958,0.8139528698009795,0.11605491997238371,4.3874015695057215e-70,gray,No
580,0.8751548505972335,0.8365686297711076,-0.03858622082612595,1.0,gray,No
581,0.3689878146376779,0.8727775717670407,0.5037897571293628,3.0277346048647277e-147,gray,No
582,0.43476498388380336,0.8973481054860184,0.46258312160221504,1.0277020904334023e-156,gray,No
584,0.5515686170808928,0.8282919179385536,0.27672330085766084,2.0204511035809133e-113,gray,No
589,0.6844093631246189,0.788549159377613,0.10413979625299419,6.2220549008998346e-58,gray,No
595,0.7937618369692672,0.7581521759386317,-0.03560966103063545,1.0,gray,No
596,0.7422959047543151,0.9269776948641554,0.18468179010984032,4.303067205309176e-137,gray,No
597,0.9246937520039549,0.7844196551703582,-0.1402740968335967,1.0,gray,No
599,0.9746738187300326,0.8799719003738434,-0.09470191835618913,1.0,gray,No
600,0.8163413989055587,0.9036117620560595,0.08727036315050085,8.411136860443373e-89,gray,No
601,0.722505588177361,0.9271735511918302,0.2046679630144692,2.1622707687686486e-145,gray,No
602,0.856216481888533,0.7966864403400835,-0.05953004154844954,1.0,gray,No
604,0.7835568404151474,0.7877587908160595,0.004201950400912091,0.0721033619378335,gray,No
606,0.41396966206888974,0.9157122495374018,0.5017425874685121,6.768086810488116e-170,gray,No
607,0.7538618375663664,0.8679753845166185,0.11411354695025211,5.3891153197391666e-89,gray,No
609,0.7970344758844657,0.794183468989694,-0.0028510068947716904,0.8630259898793222,gray,No
610,0.8083775012738575,0.9203525505991234,0.11197504932526581,7.209760026052818e-107,gray,No
612,0.40657867488198024,0.8167071395047937,0.41012846462281344,2.600533219127934e-122,gray,No
613,0.6092047742549286,0.7922294916759394,0.18302471742101079,2.4987713351197388e-88,gray,No
614,0.5277945574469339,0.8684767346768594,0.34068217722992544,2.88399868203669e-132,gray,No
616,0.6712158145123361,0.8238634730683023,0.15264765855596618,4.473698981391692e-86,gray,No
618,0.8982725918784774,0.7578465408424594,-0.14042605103601802,1.0,gray,No
624,0.5781334820008294,0.9125576272937692,0.33442414529293985,6.035594710560638e-146,gray,No
626,0.9690954165264855,0.788158874384323,-0.18093654214216248,1.0,gray,No
629,0.9307831941651341,0.7607779133238146,-0.1700052808413195,1.0,gray,No
630,0.9195034096528413,0.7455798316403373,-0.17392357801250402,1.0,gray,No
631,0.8742792838506119,0.7781927936524131,-0.09608649019819882,1.0,gray,No
632,0.8007563475041807,0.7438737572226995,-0.05688259028148113,1.0,gray,No
633,0.9204720035713413,0.893755410629639,-0.026716592941702255,1.0,gray,No
634,0.946519417169621,0.8492415983343196,-0.0972778188353014,1.0,gray,No
635,0.9729236292937572,0.8542884867983146,-0.1186351424954426,1.0,gray,No
638,0.6702459065176586,0.8702859806780116,0.20004007416035297,8.899865883913428e-104,gray,No
639,0.9507955890207389,0.7267589173616321,-0.2240366716591068,1.0,gray,No
640,0.6568893664404272,0.907221120560086,0.2503317541196588,3.839249956286264e-135,gray,No
642,0.28117392608601177,0.9126075945297112,0.6314336684436994,6.026954484043787e-189,gray,No
643,0.4416070030063766,0.9302311548947099,0.48862415188833325,2.2226245749863221e-187,gray,No
645,0.8719386927927103,0.8220627095653326,-0.04987598322737774,1.0,gray,No
646,0.923604919517364,0.7278317216479147,-0.19577319786944936,1.0,gray,No
648,0.9682316398798547,0.9165347504318976,-0.05169688944795714,1.0,gray,No
651,0.5066719190155692,0.9194883018616697,0.41281638284610056,2.0365885572205147e-162,gray,No
654,0.7291580062638938,0.8369906950576309,0.10783268879373709,6.779894764315695e-72,gray,No
655,0.9255025061198898,0.7440309659680873,-0.18147154015180256,1.0,gray,No
656,0.8859843132162432,0.7589631301619599,-0.12702118305428323,1.0,gray,No
657,0.8625180719520679,0.8223153552827458,-0.04020271666932207,1.0,gray,No
658,0.9466048599864948,0.7192332694931244,-0.2273715904933704,1.0,gray,No
659,0.8190805113496319,0.7960243844190927,-0.023056126930539156,0.9999999999993705,gray,No
660,0.8829670296681839,0.7570004314908932,-0.1259665981772906,1.0,gray,No
661,0.9131649121346962,0.7543554320412669,-0.15880948009342932,1.0,gray,No
663,0.919773622906246,0.7506016211108553,-0.16917200179539071,1.0,gray,No
664,0.8993882879054603,0.7405403774230689,-0.15884791048239144,1.0,gray,No
665,0.8181298019141051,0.7439932322015332,-0.07413656971257188,1.0,gray,No
666,0.9090943085988504,0.722364084675259,-0.1867302239235914,1.0,gray,No
667,0.768730088572651,0.889328800971196,0.12059871239854503,4.131695599441715e-93,gray,No
671,0.8975856491738565,0.7921505896467355,-0.10543505952712107,1.0,gray,No
672,0.37005834340746196,0.8698605227819575,0.4998021793744955,2.3466895981240397e-148,gray,No
673,0.8482256080884375,0.7486328740066255,-0.09959273408181202,1.0,gray,No
681,0.6359851542278623,0.9090850940644796,0.2730999398366173,2.6236864845422354e-142,gray,No
682,0.708543433517169,0.8093483935715787,0.10080496005440975,1.5372296950036866e-66,gray,No
683,0.9480962674782298,0.7943161488493615,-0.1537801186288683,1.0,gray,No
686,0.6401499293584803,0.8870331812826592,0.24688325192417893,6.957369591531883e-119,gray,No
688,0.8982109067026246,0.8204338968760791,-0.07777700982654545,1.0,gray,No
689,0.5314269190759913,0.874645796646305,0.3432188775703138,6.073643069410314e-126,gray,No
691,0.9493258889229501,0.9318399738982249,-0.017485915024725185,1.0,gray,No
693,0.8986860314002608,0.8352670312612402,-0.06341900013902058,1.0,gray,No
697,0.6123637937894908,0.7826576995598192,0.17029390577032844,1.2019977516104032e-78,gray,No
699,0.8905719861218553,0.7476138801986779,-0.14295810592317737,1.0,gray,No
701,0.8912084747463714,0.7561768600894454,-0.13503161465692604,1.0,gray,No
702,0.9347650255589004,0.7235420362193439,-0.21122298933955652,1.0,gray,No
704,0.8474612144042496,0.8292545617065951,-0.018206652697654535,0.999999999999861,gray,No
707,0.9137938017993336,0.8330350070522978,-0.08075879474703573,1.0,gray,No
709,0.8797537546313874,0.7624389915412242,-0.1173147630901632,1.0,gray,No
711,0.34149579530548063,0.7931249929709481,0.45162919766546744,3.2557702593207127e-127,gray,No
714,0.9599623787082316,0.7327443397596347,-0.22721803894859693,1.0,gray,No
716,0.8696086907043566,0.7758264915031383,-0.09378219920121833,1.0,gray,No
717,0.9397873857232144,0.7318780977087701,-0.2079092880144443,1.0,gray,No
718,0.9475361199085587,0.9198649218302607,-0.027671198078297987,1.0,gray,No
721,0.9651150975502836,0.8123385239168129,-0.15277657363347064,1.0,gray,No
722,0.4988657019020092,0.8417709999777527,0.34290529807574355,8.305999474122802e-130,gray,No
724,0.9202890765423433,0.8045058784925917,-0.11578319804975157,1.0,gray,No
725,0.9426442303242638,0.8757584684312666,-0.06688576189299722,1.0,gray,No
728,0.853461424072044,0.7871611338011104,-0.06630029027093354,1.0,gray,No
730,0.6908574941413954,0.9169165487155935,0.22605905457419806,1.9163030081945126e-134,gray,No
731,0.8014173604940836,0.7471076214456582,-0.0543097390484254,1.0,gray,No
732,0.2246662026242811,0.9144814369068511,0.6898152342825701,9.978741335070068e-178,gray,No
733,0.6178964357642805,0.8748662395964502,0.2569698038321696,1.249723464270598e-119,gray,No
737,0.9754437373800707,0.8810515805045278,-0.09439215687554292,1.0,gray,No
739,0.9192354244662094,0.888601830725852,-0.030633593740357457,1.0,gray,No
740,0.9265906049551268,0.7583397667571624,-0.16825083819796438,1.0,gray,No
743,0.8535571866648688,0.7521583436048318,-0.10139884306003699,1.0,gray,No
744,0.7341187582100953,0.9376786708055336,0.20355991259543826,3.771269252188723e-162,gray,No
745,0.9292314974507393,0.8024704737830589,-0.12676102366768038,1.0,gray,No
750,0.9779836236133244,0.8696673338918999,-0.10831628972142449,1.0,gray,No
751,0.3814002531733499,0.9078535384858556,0.5264532853125057,2.9861929910940413e-169,gray,No
752,0.6192551555911828,0.9145932984417235,0.2953381428505407,1.9893328193483437e-150,gray,No
753,0.8789586836526819,0.7436349164089517,-0.1353237672437302,1.0,gray,No
754,0.8496627138196472,0.8216693232334797,-0.027993390586167455,1.0,gray,No
755,0.5095131622662585,0.8998311878568892,0.39031802559063067,5.5383516068363065e-152,gray,No
756,0.798682376543509,0.7621383994632076,-0.03654397708030144,1.0,gray,No
757,0.5680859498338958,0.8176015758208501,0.24951562598695431,2.2748789131693982e-104,gray,No
758,0.4113906295571713,0.838099544809767,0.4267089152525957,1.7459204335849734e-128,gray,No
762,0.9279027122893182,0.8002291894810517,-0.1276735228082665,1.0,gray,No
763,0.9661655150521942,0.8083562496657478,-0.15780926538644635,1.0,gray,No
768,0.9270681099431903,0.7609860154559357,-0.16608209448725464,1.0,gray,No
769,0.8725706919457125,0.839974320207987,-0.03259637173772545,1.0,gray,No
770,0.8449860684270231,0.8143449796382372,-0.03064108878878591,1.0,gray,No
771,0.8424291957578378,0.8359149822344818,-0.006514213523356016,0.9991463282895874,gray,No
772,0.8880228541073966,0.7599481016612306,-0.12807475244616595,1.0,gray,No
774,0.8557415792713126,0.7546960065332585,-0.10104557273805403,1.0,gray,No
775,0.9106275556381794,0.8183491973701679,-0.09227835826801156,1.0,gray,No
776,0.9288095289510396,0.7226798115405118,-0.20612971741052788,1.0,gray,No
777,0.8315377524122051,0.8312888463143877,-0.0002489060978173585,0.5474680252111765,gray,No
778,0.9693199309629476,0.8568646484041957,-0.11245528255875181,1.0,gray,No
779,0.907150719045037,0.7446536682198291,-0.16249705082520782,1.0,gray,No
780,0.39324102602579913,0.8941985254816573,0.5009574994558582,9.149359670798495e-157,gray,No
784,0.8341177970536362,0.7614936888800905,-0.0726241081735457,1.0,gray,No
790,0.8227772647707682,0.9156795565464932,0.09290229177572507,9.183832997711964e-97,gray,No
796,0.7615061633407665,0.7274369366454154,-0.03406922669535106,1.0,gray,No
798,0.9510033615463068,0.740182908173487,-0.21082045337281985,1.0,gray,No
799,0.889713268111333,0.7353881088540751,-0.15432515925725787,1.0,gray,No
800,0.935471957962091,0.7487011195868213,-0.18677083837526975,1.0,gray,No
802,0.9028754363406792,0.7607883231611805,-0.14208711317949874,1.0,gray,No
803,0.823669669251253,0.8038991255097793,-0.01977054374147369,0.9999999997961984,gray,No
805,0.7381577626822726,0.7305315286177025,-0.007626234064570081,0.9929873963486527,gray,No
807,0.8339327109464261,0.8286481012639431,-0.00528460968248301,0.9894675480453285,gray,No
808,0.8317390629930258,0.8088298216135739,-0.02290924137945194,0.9999999999998346,gray,No
810,0.5569756651422947,0.7949881340029384,0.23801246886064376,1.6762463431607757e-91,gray,No
812,0.7546332417635232,0.9064042337258688,0.15177099196234556,6.384746366476367e-116,gray,No
813,0.7908727302926392,0.8921068537203264,0.10123412342768723,3.4025922560374444e-84,gray,No
818,0.9586908617626481,0.9082752985739603,-0.050415563188687784,1.0,gray,No
819,0.9672301759711109,0.9000012307073127,-0.06722894526379819,1.0,gray,No
825,0.6777434626324078,0.9225641591327107,0.24482069650030291,1.4820652669281358e-143,gray,No
828,0.6291767354097988,0.8320803354818262,0.20290360007202746,1.9412127671874964e-105,gray,No
829,0.8383905356258079,0.7336073907671653,-0.1047831448586426,1.0,gray,No
830,0.8857690581166549,0.7859190387152146,-0.09985001940144023,1.0,gray,No
831,0.9337300391491931,0.9000363241849141,-0.033693714964278976,1.0,gray,No
833,0.9598735604253774,0.8968491632173121,-0.0630243972080653,1.0,gray,No
836,0.858395208742875,0.817249732919756,-0.041145475823119004,1.0,gray,No
837,0.8875652661075626,0.7920535564465467,-0.09551170966101585,1.0,gray,No
841,0.4195419078155257,0.8509074827406592,0.4313655749251335,7.328351099285433e-139,gray,No
843,0.8120112198400908,0.792596854582041,-0.019414365258049848,0.9999999999999232,gray,No
845,0.961749755793619,0.8984728037075526,-0.06327695208606643,1.0,gray,No
847,0.9682190036529645,0.8990578425792622,-0.06916116107370229,1.0,gray,No
848,0.93630927840129,0.890130369241878,-0.04617890915941192,1.0,gray,No
850,0.9407312740052952,0.8347627131383832,-0.10596856086691198,1.0,gray,No
851,0.9222932648379525,0.8706798295978598,-0.05161343524009265,1.0,gray,No
856,0.37735449775624763,0.8460632608126333,0.46870876305638565,6.246768870810599e-139,gray,No
857,0.6838218595927936,0.9365932469192806,0.25277138732648696,8.680886110796196e-181,gray,No
858,0.5342682700005851,0.7588622226295899,0.22459395262900483,1.062774666197049e-89,gray,No
860,0.8409422117457009,0.7941020085866451,-0.04684020315905579,1.0,gray,No
862,0.953850697914747,0.7222222271286326,-0.23162847078611437,1.0,gray,No
863,0.8854841391284678,0.7426067632406368,-0.142877375887831,1.0,gray,No
866,0.9083471404231237,0.8310701950642841,-0.07727694535883955,1.0,gray,No
867,0.9534508856407393,0.7278163551117788,-0.22563453052896054,1.0,gray,No
868,0.953690287988179,0.8304841816671129,-0.1232061063210661,1.0,gray,No
869,0.8896850839198828,0.7271088469888136,-0.16257623693106915,1.0,gray,No
870,0.89794306273053,0.7479284236535106,-0.1500146390770194,1.0,gray,No
874,0.767903555307193,0.9015818773060096,0.13367832199881657,1.458236550148358e-104,gray,No
877,0.8788911394290169,0.7611161540569639,-0.117774985372053,1.0,gray,No
880,0.22273982256641442,0.9192429424529578,0.6965031198865433,8.92571705085189e-180,gray,No
882,0.934147222176011,0.7586102696748195,-0.1755369525011915,1.0,gray,No
883,0.9409330849159891,0.7634736890048067,-0.17745939591118243,1.0,gray,No
884,0.5441590517697082,0.9383114326473472,0.39415238087763893,1.11512449901065e-199,gray,No
885,0.9054817257981567,0.8891384684082797,-0.016343257389876964,1.0,gray,No
886,0.857610051089154,0.796090378776348,-0.06151967231280597,1.0,gray,No
887,0.8973202580339067,0.8168981101674677,-0.08042214786643898,1.0,gray,No
890,0.9604941990284642,0.7991275827657379,-0.1613666162627263,1.0,gray,No
893,0.869396122960055,0.8440574687604061,-0.02533865419964887,1.0,gray,No
895,0.9271279763455348,0.9113709789318747,-0.0157569974136601,1.0,gray,No
897,0.9470721887631127,0.9371665072865898,-0.009905681476522932,1.0,gray,No
898,0.42285005029386613,0.8774206766294647,0.4545706263355985,7.870477888084687e-158,gray,No
899,0.9260534290788099,0.7889692884199677,-0.13708414065884222,1.0,gray,No
902,0.669252494465272,0.8850542230021897,0.2158017285369177,5.8299095522819325e-111,gray,No
904,0.5895900355986744,0.9068986067931377,0.3173085711944633,8.831161451197198e-147,gray,No
906,0.9422276370840078,0.7863088964148542,-0.15591874066915357,1.0,gray,No
907,0.9408918538565904,0.8115227845006042,-0.12936906935598613,1.0,gray,No
908,0.9562298344608197,0.8946467286537673,-0.061583105807052396,1.0,gray,No
914,0.8825736384576248,0.7427433230017391,-0.13983031545588576,1.0,gray,No
919,0.8318806940688417,0.7958355783996339,-0.03604511566920776,1.0,gray,No
928,0.9714157206026809,0.9299148781822081,-0.041500842420472805,1.0,gray,No
931,0.697282598551912,0.7858252079972483,0.08854260944533632,2.0935755681205123e-53,gray,No
932,0.4944577925989667,0.8084407660859182,0.3139829734869515,9.681207796434199e-113,gray,No
934,0.9561089797128391,0.9105865879991106,-0.045522391713728516,1.0,gray,No
935,0.5442191976124625,0.9331401806954501,0.3889209830829876,1.0729011940746134e-186,gray,No
939,0.9508275114759287,0.9266668057843843,-0.024160705691544382,1.0,gray,No
941,0.40054587073974385,0.9117941988802336,0.5112483281404898,3.883714317945179e-176,gray,No
942,0.6719636164070875,0.8460035156376214,0.17403989923053398,3.0524220038754297e-96,gray,No
944,0.9333368051245334,0.7285706118983681,-0.2047661932261653,1.0,gray,No
945,0.8542817416806266,0.7609882203415955,-0.09329352133903113,1.0,gray,No
946,0.9275914762653115,0.7362128171579603,-0.1913786591073512,1.0,gray,No
947,0.9652640930929761,0.7227026634433649,-0.24256142964961125,1.0,gray,No
948,0.6837861701433198,0.8072272983768413,0.12344112823352149,2.5208547278347397e-71,gray,No
949,0.8896648061798988,0.7600617039686834,-0.1296031022112154,1.0,gray,No
950,0.9306172061683813,0.7982118639327754,-0.13240534223560585,1.0,gray,No
951,0.4388216423178524,0.9201806035144476,0.4813589611965952,1.2103681817014855e-164,gray,No
952,0.8664526630993283,0.7685556281166619,-0.09789703498266644,1.0,gray,No
955,0.9074924274694033,0.7585772349104596,-0.1489151925589437,1.0,gray,No
956,0.6155532581946689,0.731274268960415,0.11572101076574615,2.3390534965203553e-64,gray,No
958,0.8840918524090348,0.8026148385225139,-0.08147701388652084,1.0,gray,No
959,0.333306466959672,0.8272467447591425,0.49394027779947053,8.522902252592614e-142,gray,No
960,0.8935242380852824,0.7557671829527755,-0.1377570551325069,1.0,gray,No
962,0.9044602563152104,0.7272464424956254,-0.177213813819585,1.0,gray,No
963,0.6078257599693359,0.8197561167321615,0.21193035676282568,2.6229604377725106e-100,gray,No
964,0.9275279049408194,0.7683691345902122,-0.15915877035060721,1.0,gray,No
965,0.9324823520687416,0.728440097301026,-0.20404225476771565,1.0,gray,No
966,0.3163873571904152,0.802259340520806,0.48587198333039083,8.191110935620701e-132,gray,No
973,0.939073343507017,0.7283832165698217,-0.21069012693719524,1.0,gray,No
974,0.3081387863414398,0.827098744080798,0.5189599577393582,7.470972590647345e-139,gray,No
976,0.7235800972677853,0.9301450807100744,0.20656498344228913,6.245672132680479e-153,gray,No
980,0.9724863296311865,0.8831745037354666,-0.08931182589571995,1.0,gray,No
981,0.8872771696394478,0.8228322892604604,-0.06444488037898743,1.0,gray,No
982,0.775335128972531,0.8700231646581524,0.09468803568562145,3.5646688402234695e-78,gray,No
986,0.8787357549662898,0.858130334894854,-0.02060542007143573,1.0,gray,No
987,0.8618274924689732,0.7907872202681548,-0.07104027220081832,1.0,gray,No
988,0.9475111738306783,0.8346318493658231,-0.11287932446485516,1.0,gray,No
989,0.9306709506692604,0.7236672276982149,-0.20700372297104552,1.0,gray,No
991,0.9066205105367439,0.8283922767379515,-0.0782282337987924,1.0,gray,No
992,0.6682055859748292,0.7617200737602308,0.09351448778540161,1.4744667547196742e-53,gray,No
997,0.9744733542279941,0.7638034728872667,-0.2106698813407274,1.0,gray,No
1002,0.9496356887077653,0.84563625188522,-0.10399943682254531,1.0,gray,No
1004,0.9650655277542969,0.9176293410200118,-0.04743618673428507,1.0,gray,No
1007,0.9369121137698063,0.7827419396431202,-0.1541701741266861,1.0,gray,No
1008,0.9426319073364366,0.8239080413784005,-0.11872386595803619,1.0,gray,No
1011,0.9661173854488071,0.9183112988622186,-0.04780608658658847,1.0,gray,No
1013,0.9634960390275076,0.9077569588948735,-0.05573908013263407,1.0,gray,No
1019,0.6493516699359065,0.7927810710475647,0.14342940111165814,4.476572720830139e-76,gray,No
1020,0.8667633532023418,0.8598553934445374,-0.006907959757804338,0.999918391128115,gray,No
1021,0.7050936652074349,0.9048271685726617,0.19973350336522677,2.015108656520619e-129,gray,No
1022,0.6909465593822606,0.8698189412984944,0.17887238191623378,5.0266063740536634e-107,gray,No
1023,0.9480542572642867,0.9272444512217325,-0.020809806042554224,1.0,gray,No
1027,0.8440274977543692,0.7518943219485115,-0.09213317580585778,1.0,gray,No
1029,0.8268136787971727,0.7794423470658799,-0.04737133173129282,1.0,gray,No
1031,0.9642191338753954,0.7574093719238815,-0.2068097619515139,1.0,gray,No
1033,0.7549621678992446,0.9369099988940028,0.1819478309947582,2.4797278250993458e-163,gray,No
1034,0.9589974885247033,0.8842034735912084,-0.07479401493349491,1.0,gray,No
1035,0.9091226315384989,0.7606848633123949,-0.148437768226104,1.0,gray,No
1037,0.8180641067872878,0.8005838817360292,-0.01748022505125857,0.9999999999827854,gray,No
1041,0.9669276523397203,0.7438133535453297,-0.2231142987943906,1.0,gray,No
1045,0.9604584704708776,0.9185305657854183,-0.04192790468545937,1.0,gray,No
1046,0.9111046868433358,0.7546696999577293,-0.15643498688560653,1.0,gray,No
1048,0.9480357791603715,0.9142946529892291,-0.033741126171142444,1.0,gray,No
1052,0.9372152099001628,0.9124015870068579,-0.02481362289330491,1.0,gray,No
1054,0.9446848676988205,0.7564952627435824,-0.18818960495523818,1.0,gray,No
1055,0.4943351309120532,0.9174529314912214,0.4231178005791682,5.583881309490863e-162,gray,No
1056,0.9328015653489584,0.7442840787033418,-0.18851748664561663,1.0,gray,No
1057,0.9650005355449199,0.7981580673168251,-0.1668424682280948,1.0,gray,No
1060,0.4394088025649976,0.9217823293715622,0.48237352680656465,4.8426036417442856e-169,gray,No
1061,0.900185759026153,0.7462310704878944,-0.15395468853825867,1.0,gray,No
1062,0.9444457178570973,0.7270777970367304,-0.21736792082036693,1.0,gray,No
1063,0.8737949650783149,0.8319074985263734,-0.04188746655194153,1.0,gray,No
1064,0.5721244109468846,0.8563910182948474,0.28426660734796283,2.42864047051336e-123,gray,No
1065,0.5361345955591583,0.8593396367269047,0.3232050411677464,9.981508961621313e-128,gray,No
1066,0.8583648053942973,0.7863305867887155,-0.07203421860558179,1.0,gray,No
1067,0.924952728674187,0.7401414171069411,-0.18481131156724584,1.0,gray,No
1068,0.765429728311572,0.7567137145092572,-0.008716013802314793,0.9986915506712991,gray,No
1069,0.856216481888533,0.794324596885078,-0.061891885003455105,1.0,gray,No
1072,0.9703883756860563,0.8464821072624793,-0.12390626842357699,1.0,gray,No
1073,0.4348895851832848,0.9097017515518554,0.4748121663685706,3.2971766024161363e-159,gray,No
1074,0.38932881839158345,0.9336905726671845,0.544361754275601,1.2498941274300493e-202,gray,No
1075,0.9372152099001628,0.9113355203942425,-0.025879689505920345,1.0,gray,No
1076,0.6863761291744661,0.9202503011435303,0.23387417196906424,8.552716390807506e-142,gray,No
1079,0.6605831996071763,0.8729914411354014,0.21240824152822513,7.192445670296944e-110,gray,No
1081,0.29772823866477316,0.8031628943208047,0.5054346556560315,1.8044437481966053e-129,gray,No
1084,0.8263909381496146,0.8297675059410275,0.003376567791412932,0.06841403490062531,gray,No
1086,0.9126635644638637,0.7889684359008462,-0.12369512856301745,1.0,gray,No
1087,0.7606138219335896,0.922193190022908,0.1615793680893184,6.941496708216888e-125,gray,No
1090,0.8794296770384779,0.7500360961124146,-0.12939358092606323,1.0,gray,No
1092,0.8866393691938677,0.7879016918898324,-0.09873767730403527,1.0,gray,No
1099,0.6246151005786811,0.9364326186760004,0.3118175180973193,3.415071569591685e-171,gray,No
1101,0.8023512811635886,0.7632713167025966,-0.039079964460991934,1.0,gray,No
1102,0.7337920974140171,0.9141253003614227,0.18033320294740562,3.6053814523198965e-125,gray,No
1105,0.8529062124139181,0.838349546093075,-0.01455666632084307,0.9999999996299368,gray,No
1106,0.9339108840301693,0.8219256416600114,-0.11198524237015794,1.0,gray,No
1108,0.6121306757758074,0.8195944398779418,0.2074637641021344,2.478883516039088e-102,gray,No
1109,0.597260535992192,0.7879316714230694,0.19067113543087744,1.3527637464156294e-84,gray,No
1110,0.8589884743382751,0.7553842569294567,-0.10360421740881842,1.0,gray,No
1113,0.9225809742953016,0.8020682659533911,-0.12051270834191052,1.0,gray,No
1114,0.9360911517005389,0.7545437331046615,-0.18154741859587742,1.0,gray,No
1115,0.9452753806733508,0.8531761324737985,-0.09209924819955229,1.0,gray,No
1116,0.6643041521511507,0.8844073644870787,0.220103212335928,4.428915104314051e-119,gray,No
1117,0.9475931707973673,0.8329884074483731,-0.11460476334899417,1.0,gray,No
1118,0.8495782860209833,0.8114911672221738,-0.03808711879880944,1.0,gray,No
1119,0.9043000153156076,0.7584335411763,-0.14586647413930753,1.0,gray,No
1120,0.9301390829732379,0.7232468854654489,-0.20689219750778898,1.0,gray,No
1121,0.9561089797128391,0.9096474834122243,-0.0464614963006148,1.0,gray,No
1122,0.9199935884118224,0.8748204509409706,-0.04517313747085183,1.0,gray,No
1124,0.826846862927992,0.7435809214567313,-0.08326594147126076,1.0,gray,No
1125,0.9095578159070932,0.8554539394101163,-0.0541038764969769,1.0,gray,No
1126,0.7085984733722316,0.912014390453217,0.2034159170809854,1.5259002188698467e-127,gray,No
1127,0.45169037171904836,0.8234546783364614,0.371764306617413,2.7721087941794734e-124,gray,No
1128,0.43211048868342444,0.7611685871353667,0.3290580984519423,3.2637426435846246e-104,gray,No
1131,0.9527163682875562,0.8162520933540413,-0.13646427493351498,1.0,gray,No
1132,0.9390677173047614,0.8425300359589757,-0.09653768134578566,1.0,gray,No
1133,0.9299861195218767,0.7414020638100577,-0.18858405571181902,1.0,gray,No
1143,0.9624702760461974,0.8925094321107485,-0.06996084393544888,1.0,gray,No
1146,0.8549903722785495,0.8546742198106135,-0.0003161524679359262,0.5674109182846752,gray,No
1147,0.8686288473215891,0.7515587588234675,-0.11707008849812162,1.0,gray,No
1148,0.8958164693482321,0.7910263449434435,-0.10479012440478863,1.0,gray,No
1149,0.38695825133293654,0.9333515155344366,0.5463932642015001,9.373537063001695e-199,gray,No
1150,0.8614691275696289,0.789141287857103,-0.07232783971252588,1.0,gray,No
1151,0.8399566179914177,0.7730165835882876,-0.06694003440313012,1.0,gray,No
1152,0.8510325022571681,0.7589144632428738,-0.09211803901429427,1.0,gray,No
1153,0.5215856586509517,0.7693635023452182,0.24777784369426648,2.948078605566144e-94,gray,No
1154,0.7093340495857268,0.8118848424169005,0.10255079283117374,6.770781564947275e-62,gray,No
1156,0.9553024732197539,0.7559113804648578,-0.19939109275489608,1.0,gray,No
1161,0.9360503456888507,0.7996731061907447,-0.13637723949810598,1.0,gray,No
1165,0.8565416497821186,0.7727099331652765,-0.08383171661684208,1.0,gray,No
1166,0.5456158590358967,0.8354332688898849,0.2898174098539882,3.180115152499031e-118,gray,No
1170,0.883009788563243,0.7625692668857468,-0.12044052167749619,1.0,gray,No
1172,0.9520732082412098,0.8309121576908339,-0.12116105055037585,1.0,gray,No
1173,0.890693205719287,0.831986112919826,-0.05870709279946096,1.0,gray,No
1177,0.5678436716427191,0.7533923582709342,0.1855486866282151,2.1433067302735708e-83,gray,No
1178,0.9694055731196785,0.8297816165508688,-0.13962395656880966,1.0,gray,No
1180,0.4313950722263491,0.783437127844713,0.3520420556183639,4.583253059950952e-111,gray,No
1181,0.9673797769662767,0.8615678776528077,-0.10581189931346902,1.0,gray,No
1182,0.6541194388422612,0.9248330832995484,0.2707136444572872,1.3710431998108634e-157,gray,No
1184,0.9318282052557224,0.7443192735095324,-0.18750893174619,1.0,gray,No
1188,0.41250966541440526,0.8175311473858011,0.40502148197139587,2.2745573065477623e-127,gray,No
1189,0.911524867524601,0.7475139110406949,-0.16401095648390618,1.0,gray,No
1191,0.9212660554676846,0.8494867817773553,-0.07177927369032933,1.0,gray,No
1192,0.9158210941865612,0.7793853314798495,-0.13643576270671176,1.0,gray,No
1193,0.7218957856473128,0.832395222658197,0.11049943701088416,1.7988947592180426e-76,gray,No
1194,0.9652727404006649,0.9121149875176823,-0.053157752882982634,1.0,gray,No
1195,0.4841728594334792,0.9182278998242714,0.43405504039079223,3.472977714908003e-163,gray,No
1196,0.8880228541073966,0.7550558593085792,-0.13296699479881735,1.0,gray,No
1199,0.8474612144042496,0.8313580437806649,-0.016103170623584684,0.9999999999994826,gray,No
1201,0.9098367892239727,0.7847004838060545,-0.1251363054179182,1.0,gray,No
1203,0.9207375913951029,0.7175060091925793,-0.20323158220252358,1.0,gray,No
1205,0.8600982910248082,0.7565278398586506,-0.1035704511661576,1.0,gray,No
1206,0.8720702655165758,0.7568457366389179,-0.115224528877658,1.0,gray,No
1207,0.886826948898395,0.7460795500096026,-0.1407473988887924,1.0,gray,No
1209,0.8702401450987653,0.8306744986098283,-0.03956564648893701,1.0,gray,No
1211,0.83471762098513,0.8321185533730965,-0.0025990676120335454,0.9158919805138106,gray,No
1212,0.9338728315578572,0.7241572365177765,-0.20971559504008064,1.0,gray,No
1213,0.9184578338675752,0.7551414810794178,-0.16331635278815737,1.0,gray,No
1214,0.8462208964404279,0.7611250686253128,-0.08509582781511504,1.0,gray,No
1219,0.8730087515706697,0.7995098929872151,-0.07349885858345462,1.0,gray,No
1221,0.893028358375725,0.7429436892981195,-0.15008466907760554,1.0,gray,No
1222,0.9536251045462206,0.8018637457688618,-0.15176135877735886,1.0,gray,No
1227,0.9588134205772825,0.7281736411565892,-0.23063977942069325,1.0,gray,No
1229,0.8803001198695588,0.7565176067639972,-0.12378251310556165,1.0,gray,No
1232,0.8845778738155333,0.8315116325629038,-0.05306624125262949,1.0,gray,No
1235,0.9145919163487334,0.7204295500241886,-0.19416236632454476,1.0,gray,No
1239,0.9257981721331932,0.7600159868128515,-0.1657821853203416,1.0,gray,No
1243,0.9671386507092934,0.9156078982562487,-0.051530752453044726,1.0,gray,No
1248,0.9643160866294512,0.7885820661437453,-0.17573402048570597,1.0,gray,No
1249,0.8389673663679379,0.7742624985169733,-0.06470486785096463,1.0,gray,No
1252,0.5001767039805981,0.901628456989778,0.4014517530091799,1.2419313058012333e-154,gray,No
1254,0.9074070919601036,0.7436808349265357,-0.1637262570335679,1.0,gray,No
1256,0.8698964405516728,0.7880900282715999,-0.0818064122800729,1.0,gray,No
1257,0.8883961148329801,0.8622737156483922,-0.02612239918458792,1.0,gray,No
1259,0.40822154573944897,0.9181560895494429,0.509934543809994,3.033895463947174e-163,gray,No
1260,0.4001615695429571,0.7886595251974413,0.3884979556544842,4.288096609236829e-117,gray,No
1261,0.7517738270649652,0.7452537285472763,-0.006520098517688866,0.984227245298785,gray,No
1262,0.9221136108351705,0.7249131024484063,-0.19720050838676417,1.0,gray,No
1263,0.8209563279375639,0.7529418877403615,-0.06801444019720237,1.0,gray,No
1264,0.9550796456317326,0.7251537176577609,-0.2299259279739717,1.0,gray,No
1265,0.7489310682323321,0.9240142778772997,0.1750832096449676,1.5183335362268337e-137,gray,No
1266,0.658122546933763,0.8994234040878963,0.2413008571541333,9.206368785845171e-127,gray,No
1267,0.8256329223925639,0.9391698902491799,0.11353696785661593,1.4980230735689553e-152,gray,No
1269,0.48575772409463513,0.907684168343349,0.42192644424871384,1.7318531135167346e-158,gray,No
1273,0.8116741604202308,0.7469079053909577,-0.06476625502927302,1.0,gray,No
1275,0.9331380843284907,0.7941691628534244,-0.13896892147506623,1.0,gray,No
1276,0.9162786916482482,0.7246318472754545,-0.19164684437279367,1.0,gray,No
1277,0.9080566071444506,0.8452147335522244,-0.06284187359222615,1.0,gray,No
1278,0.960255848221475,0.7513910601220314,-0.20886478809944364,1.0,gray,No
1280,0.8180641067872878,0.8039710146557385,-0.0140930921315493,0.9999999831584723,gray,No
1282,0.8923604454112046,0.812946712182872,-0.07941373322833267,1.0,gray,No
1285,0.6758194731503598,0.7641671534632499,0.08834768031289009,1.356586572819586e-48,gray,No
1289,0.9181232130843575,0.8936293064287278,-0.02449390665562967,1.0,gray,No
1290,0.952524050484196,0.742708866738958,-0.209815183745238,1.0,gray,No
1291,0.8222485028833951,0.810161391468667,-0.01208711141472818,0.9999994623051214,gray,No
1292,0.6396622606700529,0.8192164316998048,0.1795541710297519,6.890509292664495e-87,gray,No
1296,0.5527405529617953,0.8564244697512872,0.3036839167894919,1.3237575513382422e-124,gray,No
1300,0.8994402421233496,0.8320525318810291,-0.06738771024232049,1.0,gray,No
1301,0.9403602703221443,0.8156961112058173,-0.124664159116327,1.0,gray,No
1302,0.9281411540025339,0.9096741159602209,-0.01846703804231309,1.0,gray,No
1303,0.7255362262922613,0.9075185208860449,0.18198229459378357,1.2979438297152644e-121,gray,No
1304,0.7762384705979175,0.7585124900886393,-0.017725980509278205,0.9999999414632695,gray,No
1305,0.9452117816395288,0.8015307005868941,-0.14368108105263466,1.0,gray,No
1306,0.42638144854168114,0.8940157668353159,0.4676343182936348,1.3531261197442068e-150,gray,No
1312,0.8093621246195638,0.9184846506436621,0.10912252602409833,1.0054610817469524e-105,gray,No
1313,0.4895356952606989,0.8904550837585815,0.4009193884978826,2.492181512696572e-144,gray,No
1320,0.9447598822778409,0.7636250405628592,-0.18113484171498173,1.0,gray,No
1321,0.9253985487331781,0.893733698288566,-0.03166485044461209,1.0,gray,No
1323,0.899138421129435,0.8751234701036661,-0.024014951025768894,1.0,gray,No
1327,0.943774351093828,0.7934171073131329,-0.15035724378069515,1.0,gray,No
1328,0.620333630323348,0.9112002510297706,0.29086662070642266,1.6804012511128187e-146,gray,No
1329,0.827840813479369,0.796201925023758,-0.031638888455611025,1.0,gray,No
1331,0.9248075679940229,0.7620237391765727,-0.16278382881745013,1.0,gray,No
1334,0.9159844298423796,0.774362399724657,-0.14162203011772256,1.0,gray,No
1336,0.9067944753644994,0.763101434875803,-0.14369304048869647,1.0,gray,No
1337,0.826258991928639,0.7551838736284071,-0.07107511830023194,1.0,gray,No
1341,0.5555725145608987,0.8915203801333901,0.33594786557249134,6.604457270788666e-140,gray,No
1344,0.9693069712668893,0.7240136336681837,-0.24529333759870553,1.0,gray,No
1345,0.8707577855546238,0.7759452266129678,-0.09481255894165597,1.0,gray,No
1346,0.5087376393013536,0.7580678880163704,0.24933024871501674,8.593081196149128e-91,gray,No
1351,0.8916630156003013,0.8332368826785869,-0.05842613292171439,1.0,gray,No
1357,0.32036986816920293,0.8928974468306916,0.5725275786614887,6.041956472574732e-163,gray,No
1360,0.5778736319733827,0.9007662000060422,0.32289256803265953,4.956496343969011e-143,gray,No
1361,0.9629122822935243,0.9192157639268446,-0.04369651836667976,1.0,gray,No
1362,0.5994846777947724,0.830793610065366,0.23130893227059357,2.5265757578788305e-103,gray,No
1363,0.8537970252997149,0.7808628189865903,-0.07293420631312464,1.0,gray,No
1366,0.4520189187486377,0.8714837549842656,0.41946483623562786,2.7151866993538555e-137,gray,No
1368,0.8424291957578378,0.8358364383184105,-0.0065927574394273325,0.9991252273711096,gray,No
1370,0.8750454184318642,0.802860241095959,-0.07218517733590524,1.0,gray,No
1371,0.9454442365522061,0.7538082111488582,-0.1916360254033479,1.0,gray,No
1372,0.8516184388647854,0.786219805867942,-0.06539863299684334,1.0,gray,No
1373,0.7340128428619495,0.8920374663545375,0.15802462349258806,2.1152066465793414e-104,gray,No
1376,0.655725966036615,0.8549248468775416,0.19919888084092652,4.298712402547274e-107,gray,No
1378,0.8025939037333182,0.9274674271666489,0.12487352343333069,3.9805187733127875e-124,gray,No
1379,0.8892507301083025,0.7879190390068241,-0.10133169110147833,1.0,gray,No
1381,0.7778800890036555,0.7579070097126157,-0.019973079291039753,0.999999999807911,gray,No
1383,0.9516110935437875,0.7512698054093037,-0.20034128813448382,1.0,gray,No
1384,0.7879749137054,0.9095882964449497,0.12161338273954969,4.588716713193652e-100,gray,No
1387,0.45060220238161947,0.8349119986978377,0.38430979631621826,8.30152195414601e-130,gray,No
1388,0.9027698462568269,0.7405370447501184,-0.1622328015067085,1.0,gray,No
1389,0.37460390891609857,0.8232681202054332,0.4486642112893346,6.983544882166266e-131,gray,No
1395,0.9684524612033845,0.830819093171156,-0.13763336803222848,1.0,gray,No
1397,0.6972013575068408,0.8365087735031654,0.13930741599632468,1.101114517427844e-83,gray,No
1399,0.9454107436675239,0.7287337162058725,-0.2166770274616514,1.0,gray,No
1400,0.9372152099001628,0.9132774977829611,-0.023937712117201748,1.0,gray,No
1401,0.872753438376118,0.8700847842860812,-0.002668654090036804,0.9646155287334216,gray,No
1403,0.9623659737762387,0.9089554570418368,-0.05341051673440189,1.0,gray,No
1404,0.881619992137254,0.7920125878444603,-0.08960740429279368,1.0,gray,No
1405,0.8067394465856577,0.8108627806786735,0.004123334093015796,0.05286941135400584,gray,No
1407,0.7890552263744578,0.918323077710506,0.12926785133604823,5.529189371524286e-117,gray,No
1408,0.956944997439631,0.743468387730434,-0.21347660970919702,1.0,gray,No
1410,0.9356650556117765,0.8358558850649074,-0.09980917054686911,1.0,gray,No
1411,0.9134632752063275,0.7297157668081788,-0.18374750839814868,1.0,gray,No
1414,0.839767975721639,0.7957941868931983,-0.04397378882844072,1.0,gray,No
1415,0.8316852233158719,0.7902086119516188,-0.04147661136425307,1.0,gray,No
1416,0.9145806843543408,0.7626776805716732,-0.15190300378266763,1.0,gray,No
1420,0.9196649879361088,0.7900037613042423,-0.12966122663186652,1.0,gray,No
1421,0.84218283540704,0.82699277328828,-0.01519006211875995,0.999999999971782,gray,No
1422,0.7902384395024872,0.8877044760521758,0.09746603654968866,1.767306275311044e-85,gray,No
1423,0.8228068033407094,0.7803248115811887,-0.04248199175952072,1.0,gray,No
1424,0.8677310961894479,0.7600521435620609,-0.10767895262738703,1.0,gray,No
1425,0.8389894076572291,0.7687625300089631,-0.07022687764826596,1.0,gray,No
1426,0.47028792051396984,0.8499925236382841,0.3797046031243143,3.1196615414780704e-135,gray,No
1427,0.6370459920129143,0.7502556174312882,0.11320962541837387,4.364376313456868e-61,gray,No
1428,0.9661173854488071,0.9187769149507623,-0.047340470498044795,1.0,gray,No
1429,0.7977266108349315,0.9390457683272266,0.14131915749229518,2.3728339620970266e-164,gray,No
1430,0.5264440074186502,0.8718097274483644,0.3453657200297142,7.149560786004045e-134,gray,No
1431,0.8800538552325142,0.8783079033933562,-0.0017459518391580442,0.8792074128946672,gray,No
1433,0.9714157206026809,0.9305916991482551,-0.04082402145442576,1.0,gray,No
1439,0.9154981995868521,0.8723781831985269,-0.04312001638832519,1.0,gray,No
1440,0.8670892314232145,0.7508729359440381,-0.11621629547917633,1.0,gray,No
1441,0.8923082831655749,0.759681647512067,-0.13262663565350785,1.0,gray,No
1442,0.8792681659094441,0.7659115128531201,-0.11335665305632403,1.0,gray,No
1445,0.940444606000431,0.7428190292907325,-0.1976255767096985,1.0,gray,No
1449,0.9251262559363588,0.7437714374068689,-0.18135481852948987,1.0,gray,No
1450,0.8196751437016815,0.7551459615450501,-0.06452918215663139,1.0,gray,No
1451,0.8861216005690113,0.7893414101117975,-0.09678019045721387,1.0,gray,No
1452,0.9279451569613762,0.7638646316939528,-0.16408052526742345,1.0,gray,No
1454,0.8323111820395832,0.9257067060640181,0.09339552402443485,3.795289452275768e-110,gray,No
1456,0.9142743760238216,0.9080916911730307,-0.006182684850790876,0.999999731435906,gray,No
1457,0.8641609400085115,0.7542467949973894,-0.10991414501112207,1.0,gray,No
1458,0.9425726220672137,0.7510968870143173,-0.1914757350528964,1.0,gray,No
1459,0.8677841848275174,0.7474230808754296,-0.12036110395208777,1.0,gray,No
1460,0.9160510576777963,0.7345060675403792,-0.1815449901374171,1.0,gray,No
1461,0.9308357860475968,0.7501463192101407,-0.18068946683745601,1.0,gray,No
1471,0.3057292621421064,0.9395775071056227,0.6338482449635163,6.88267644490379e-219,gray,No
1477,0.459543181963462,0.8202315762861159,0.36068839432265387,8.369354062838012e-121,gray,No
1478,0.9153597616443163,0.7254247798865454,-0.1899349817577709,1.0,gray,No
1485,0.8976050237028766,0.7711471168762383,-0.12645790682663838,1.0,gray,No
1486,0.94397357015105,0.8908077712650477,-0.05316579888600226,1.0,gray,No
1487,0.38592950575503293,0.889984794957317,0.504055289202284,6.8567633985657635e-152,gray,No
1488,0.9450738228036795,0.7599791115533011,-0.18509471125037835,1.0,gray,No
1490,0.47458622805395195,0.8377601739271437,0.3631739458731918,2.658644539393908e-122,gray,No
1491,0.8675916437414144,0.7220656274862688,-0.1455260162551456,1.0,gray,No
1492,0.8762567710231642,0.8201427790600484,-0.05611399196311584,1.0,gray,No
1493,0.7555712290062171,0.8666206707102966,0.11104944170407949,2.406523187720982e-83,gray,No
1495,0.9024960046199896,0.7600141843776157,-0.14248182024237388,1.0,gray,No
1497,0.8458635279360409,0.7857710044850656,-0.060092523450975266,1.0,gray,No
1499,0.9351674600713158,0.8846926000635201,-0.05047486000779566,1.0,gray,No
1500,0.8163783767825364,0.7687112309421191,-0.04766714584041731,1.0,gray,No
1501,0.9208406072648927,0.7616049814189251,-0.15923562584596762,1.0,gray,No
1502,0.8503233459775302,0.7622397420544423,-0.0880836039230879,1.0,gray,No
1503,0.921291615619601,0.8793847773151084,-0.0419068383044926,1.0,gray,No
1505,0.8849122783746728,0.7661706771829232,-0.11874160119174959,1.0,gray,No
1506,0.33669235150828547,0.9195940899081835,0.582901738399898,1.7671806456840845e-177,gray,No
1507,0.9445949613283621,0.762723464413781,-0.18187149691458104,1.0,gray,No
1512,0.8102579993456298,0.8021943092042403,-0.008063690141389523,0.9993866292265403,gray,No
1513,0.9756156900603402,0.7905214452323136,-0.1850942448280266,1.0,gray,No
1514,0.9431312003344748,0.8263415840712972,-0.11678961626317763,1.0,gray,No
1515,0.9243080363204219,0.7298595934804253,-0.19444844283999663,1.0,gray,No
1516,0.9499705079599623,0.786780411113607,-0.16319009684635533,1.0,gray,No
1517,0.8708855703371743,0.7755461928198946,-0.09533937751727972,1.0,gray,No
1518,0.8760316016289655,0.8623133938929961,-0.013718207735969434,0.9999999999154422,gray,No
1521,0.9573456871170296,0.73285376867033,-0.22449191844669958,1.0,gray,No
1523,0.7128088191220104,0.8414693169888929,0.1286604978668825,1.4040961627173246e-84,gray,No
1525,0.9582745009967366,0.8915620963947885,-0.06671240460194816,1.0,gray,No
1531,0.8671637020462328,0.8240830433866604,-0.043080658659572446,1.0,gray,No
1532,0.9386617851497308,0.7552354495216512,-0.18342633562807953,1.0,gray,No
1535,0.43306439275986974,0.7678176987326278,0.3347533059727581,5.0275280717157446e-105,gray,No
1536,0.7767642810982778,0.7297567666296417,-0.04700751446863605,1.0,gray,No
1537,0.3397614635682598,0.8949966457600226,0.5552351821917627,1.1992128664032915e-158,gray,No
1541,0.93858801571843,0.790602113397427,-0.14798590232100295,1.0,gray,No
1543,0.7820105972681058,0.7587440839252915,-0.023266513342814377,0.999999999988842,gray,No
1544,0.725149040999547,0.894476697389937,0.16932765639038994,2.3881947361354203e-105,gray,No
1548,0.2780799529631009,0.9299076654381803,0.6518277124750793,5.231967456491056e-205,gray,No
1549,0.7708411900449575,0.9229190732254835,0.15207788318052595,1.4698340155110855e-125,gray,No
1550,0.9317749778300307,0.8380252326685595,-0.09374974516147117,1.0,gray,No
1552,0.9653704739826874,0.7209981390164438,-0.24437233496624355,1.0,gray,No
1560,0.8953887922897513,0.7409726543162851,-0.1544161379734662,1.0,gray,No
1562,0.9207801329977414,0.7976183942675954,-0.12316173873014602,1.0,gray,No
1563,0.8254802474111751,0.7533323892937298,-0.07214785811744528,1.0,gray,No
1564,0.9645934194052446,0.9056372366756408,-0.05895618272960379,1.0,gray,No
1565,0.9379091503269126,0.8944141383977404,-0.043495011929172156,1.0,gray,No
1566,0.9377410035139703,0.9132119017789304,-0.02452910173503986,1.0,gray,No
1573,0.9335815609988597,0.783748221080379,-0.1498333399184807,1.0,gray,No
1574,0.7397819544952707,0.8257773393387147,0.08599538484344393,7.125428790667049e-64,gray,No
1576,0.6012660236006999,0.8925686372710858,0.2913026136703859,1.380598028366249e-131,gray,No
1577,0.9455709913279083,0.7212591492446496,-0.22431184208325872,1.0,gray,No
1578,0.3578617713231658,0.9256408521474003,0.5677790808242345,1.067002868709308e-186,gray,No
1579,0.9460950192622367,0.7860095564023247,-0.160085462859912,1.0,gray,No
1580,0.8009596484419588,0.939760591498607,0.13880094305664825,8.954220697666433e-153,gray,No
1581,0.8180641067872878,0.7984963791304702,-0.01956772765681758,0.9999999999880455,gray,No
1588,0.3495544664768922,0.9180660430867041,0.5685115766098119,1.2505895695944588e-180,gray,No
1589,0.5925422532039546,0.7878133525018802,0.19527109929792563,2.84203218812234e-91,gray,No
1591,0.7996462676367107,0.7605072962660198,-0.03913897137069089,1.0,gray,No
1592,0.39358696589532316,0.937211990027762,0.5436250241324388,8.5318417797843e-221,gray,No
1593,0.911174900428767,0.8296443938318832,-0.08153050659688388,1.0,gray,No
1594,0.891712406097845,0.751426800076264,-0.14028560602158102,1.0,gray,No
1595,0.41894613510512513,0.7640092655586078,0.3450631304534827,2.9537071752569834e-106,gray,No
1597,0.6358464888408994,0.8430319535136357,0.20718546467273624,2.6748343732899836e-103,gray,No
1600,0.2228323689649475,0.9056604835963811,0.6828281146314336,7.696422892524722e-179,gray,No
1605,0.7899626900585922,0.8962716534131373,0.1063089633545451,3.2646944342355556e-93,gray,No
1606,0.9042799508203218,0.8071852702378018,-0.09709468058251991,1.0,gray,No
1607,0.8675990927631919,0.7551144364964959,-0.11248465626669601,1.0,gray,No
1610,0.9112156074193356,0.8913368351556783,-0.019878772263657307,1.0,gray,No
1612,0.628942017705583,0.913577602153278,0.284635584447695,2.475475703421716e-139,gray,No
1613,0.7880566797028085,0.7513443584090824,-0.036712321293726036,1.0,gray,No
1614,0.5570390224935111,0.8270518057631248,0.27001278326961364,3.496382644162069e-107,gray,No
1615,0.9084764468484934,0.795262009066034,-0.11321443778245943,1.0,gray,No
1616,0.9237745103535335,0.7610467529508128,-0.16272775740272072,1.0,gray,No
1617,0.9778781631428479,0.8736916809345147,-0.10418648220833326,1.0,gray,No
1618,0.8168270691788244,0.919583357791578,0.10275628861275354,1.2808244354072945e-102,gray,No
1622,0.6632248189437755,0.900494482320514,0.2372696633767385,7.280109718020002e-133,gray,No
1623,0.39128329329084943,0.9351484410946992,0.5438651478038498,6.4255958749942635e-201,gray,No
1625,0.5829200755415355,0.9395242197644394,0.356604144222904,6.783825635484583e-196,gray,No
1626,0.6126503393572663,0.7567167922950045,0.14406645293773823,2.339836953764451e-63,gray,No
1630,0.9108816462247311,0.863675779199491,-0.0472058670252401,1.0,gray,No
1631,0.5880701446149421,0.7514120824744305,0.16334193785948836,6.139702231816427e-70,gray,No
1632,0.6337091509354996,0.866533853463111,0.23282470252761134,8.047091192516569e-120,gray,No
1633,0.2941529479012941,0.8352087514727213,0.5410558035714272,4.160544957777277e-143,gray,No
1635,0.8754585317530473,0.7995925962721909,-0.0758659354808564,1.0,gray,No
1638,0.8923980618490581,0.847893623190175,-0.044504438658883094,1.0,gray,No
1640,0.761377855191061,0.8828807929809919,0.12150293778993082,1.9642245562448243e-101,gray,No
1642,0.9794022271813334,0.825496365245397,-0.15390586193593636,1.0,gray,No
1643,0.5059198167836154,0.7404459450656634,0.234526128282048,2.7205524978419093e-90,gray,No
1644,0.4423684785674083,0.8182403118573849,0.3758718332899766,2.665986147355385e-123,gray,No
1645,0.8753733978062125,0.7594596487011208,-0.11591374910509167,1.0,gray,No
1646,0.593909941598644,0.8800093988456638,0.2860994572470198,4.320492804505971e-132,gray,No
1647,0.9191874807587821,0.8612337901327628,-0.057953690626019294,1.0,gray,No
1649,0.9148177661422718,0.7879491345243312,-0.1268686316179406,1.0,gray,No
1651,0.9236708434149468,0.8416784284150463,-0.08199241499990051,1.0,gray,No
1655,0.9094983343985455,0.7221784074561284,-0.18731992694241717,1.0,gray,No
1657,0.3229433287203546,0.8414998365343906,0.5185565078140361,9.992374319614424e-145,gray,No
1662,0.8168335999529309,0.8175891750052393,0.0007555750523083882,0.34120843204840007,gray,No
1665,0.9312861467402961,0.8336267404177307,-0.09765940632256542,1.0,gray,No
1666,0.38020072138191136,0.9229569496568084,0.542756228274897,4.9933862874623034e-175,gray,No
1670,0.9444435212204065,0.8602391191087942,-0.08420440211161229,1.0,gray,No
1671,0.8634076177785438,0.7336241673319707,-0.12978345044657313,1.0,gray,No
1673,0.9011465479802186,0.7405421276401405,-0.16060442034007816,1.0,gray,No
1676,0.8171542630383813,0.7921324010257461,-0.025021862012635232,1.0,gray,No
1677,0.8254313314853254,0.7620275799409637,-0.06340375154436173,1.0,gray,No
1681,0.8975005676537079,0.772247103499017,-0.12525346415469085,1.0,gray,No
1683,0.9028963421315743,0.7926430797738447,-0.11025326235772959,1.0,gray,No
1690,0.9106349482554007,0.7454513320495285,-0.16518361620587219,1.0,gray,No
1696,0.6001761971144893,0.7617260852427293,0.16154988812824,1.6040849936770453e-73,gray,No
1698,0.8838844895697365,0.7527039169659518,-0.13118057260378468,1.0,gray,No
1699,0.23486758624114779,0.8978049981154795,0.6629374118743318,4.238840917366675e-172,gray,No
1703,0.9476871061703177,0.7904090745883734,-0.1572780315819443,1.0,gray,No
1706,0.924546702421555,0.9030843773132401,-0.021462325108314917,1.0,gray,No
1708,0.8305155563766476,0.8098890809302872,-0.020626475446360426,0.9999999999996532,gray,No
1709,0.9524367788016372,0.7240694703541538,-0.22836730844748343,1.0,gray,No
1710,0.8639158081241992,0.7429005100159429,-0.12101529810825629,1.0,gray,No
1712,0.8921707085063695,0.7462436176017547,-0.14592709090461475,1.0,gray,No
1713,0.8019580616619866,0.7898375159278808,-0.012120545734105814,0.9999793433837335,gray,No
1714,0.8948483580211035,0.7238461462644317,-0.17100221175667185,1.0,gray,No
1715,0.903938335710208,0.7448800348597936,-0.1590583008504144,1.0,gray,No
1716,0.5006726300030613,0.9113132976392118,0.4106406676361505,1.8968812045986712e-158,gray,No
1717,0.8357081259269082,0.7594821654177466,-0.07622596050916164,1.0,gray,No
1718,0.9476871061703177,0.7909215434203789,-0.1567655627499388,1.0,gray,No
